"date","region","kata","market","market_id","latitude","longitude","category","commodity","commodity_id","unit","pricetype","currency","price","season"
"2006-01-15","Morogoro","Morogoro Urban","Morogoro","89","-6.82","37.67","cereals and tubers","Rice","52","100 KG","Wholesale","TZS","61250","kiangazi kifupi"
"2006-01-15","Morogoro","Morogoro Urban","Morogoro","89","-6.82","37.67","pulses and nuts","Beans","50","100 KG","Wholesale","TZS","65055.56","kiangazi kifupi"
"2006-02-15","Morogoro","Morogoro Urban","Morogoro","89","-6.82","37.67","cereals and tubers","Rice","52","100 KG","Wholesale","TZS","68000","kiangazi kifupi"
"2006-02-15","Morogoro","Morogoro Urban","Morogoro","89","-6.82","37.67","pulses and nuts","Beans","50","100 KG","Wholesale","TZS","79681.82","kiangazi kifupi"
"2006-03-15","Morogoro","Morogoro Urban","Morogoro","89","-6.82","37.67","cereals and tubers","Rice","52","100 KG","Wholesale","TZS","80071.43","masika"
"2006-03-15","Morogoro","Morogoro Urban","Morogoro","89","-6.82","37.67","pulses and nuts","Beans","50","100 KG","Wholesale","TZS","83416.67","masika"
"2006-04-15","Morogoro","Morogoro Urban","Morogoro","89","-6.82","37.67","cereals and tubers","Rice","52","100 KG","Wholesale","TZS","89375","masika"
"2006-04-15","Morogoro","Morogoro Urban","Morogoro","89","-6.82","37.67","pulses and nuts","Beans","50","100 KG","Wholesale","TZS","75312.5","masika"
"2006-05-15","Morogoro","Morogoro Urban","Morogoro","89","-6.82","37.67","cereals and tubers","Rice","52","100 KG","Wholesale","TZS","92291.67","masika"
"2006-05-15","Morogoro","Morogoro Urban","Morogoro","89","-6.82","37.67","pulses and nuts","Beans","50","100 KG","Wholesale","TZS","69520.83","masika"
"2006-06-15","Morogoro","Morogoro Urban","Morogoro","89","-6.82","37.67","cereals and tubers","Rice","52","100 KG","Wholesale","TZS","85000","kiangazi kikuu"
"2006-06-15","Morogoro","Morogoro Urban","Morogoro","89","-6.82","37.67","pulses and nuts","Beans","50","100 KG","Wholesale","TZS","56208.33","kiangazi kikuu"
"2006-07-15","Morogoro","Morogoro Urban","Morogoro","89","-6.82","37.67","cereals and tubers","Rice","52","100 KG","Wholesale","TZS","69545.45","kiangazi kikuu"
"2006-07-15","Morogoro","Morogoro Urban","Morogoro","89","-6.82","37.67","pulses and nuts","Beans","50","100 KG","Wholesale","TZS","54363.64","kiangazi kikuu"
"2006-08-15","Morogoro","Morogoro Urban","Morogoro","89","-6.82","37.67","cereals and tubers","Rice","52","100 KG","Wholesale","TZS","64821.43","kiangazi kikuu"
"2006-08-15","Morogoro","Morogoro Urban","Morogoro","89","-6.82","37.67","pulses and nuts","Beans","50","100 KG","Wholesale","TZS","57482.14","kiangazi kikuu"
"2006-09-15","Morogoro","Morogoro Urban","Morogoro","89","-6.82","37.67","cereals and tubers","Rice","52","100 KG","Wholesale","TZS","64833.33","kiangazi kikuu"
"2006-09-15","Morogoro","Morogoro Urban","Morogoro","89","-6.82","37.67","pulses and nuts","Beans","50","100 KG","Wholesale","TZS","60125","kiangazi kikuu"
"2006-10-15","Morogoro","Morogoro Urban","Morogoro","89","-6.82","37.67","cereals and tubers","Rice","52","100 KG","Wholesale","TZS","67187.5","kiangazi kikuu"
"2006-10-15","Morogoro","Morogoro Urban","Morogoro","89","-6.82","37.67","pulses and nuts","Beans","50","100 KG","Wholesale","TZS","62876.25","kiangazi kikuu"
"2006-11-15","Morogoro","Morogoro Urban","Morogoro","89","-6.82","37.67","cereals and tubers","Rice","52","100 KG","Wholesale","TZS","67666.67","vuli"
"2006-11-15","Morogoro","Morogoro Urban","Morogoro","89","-6.82","37.67","pulses and nuts","Beans","50","100 KG","Wholesale","TZS","61111.11","vuli"
"2006-12-15","Morogoro","Morogoro Urban","Morogoro","89","-6.82","37.67","cereals and tubers","Rice","52","100 KG","Wholesale","TZS","67312.5","vuli"
"2006-12-15","Morogoro","Morogoro Urban","Morogoro","89","-6.82","37.67","pulses and nuts","Beans","50","100 KG","Wholesale","TZS","64625","vuli"
"2007-01-15","Morogoro","Morogoro Urban","Morogoro","89","-6.82","37.67","cereals and tubers","Rice","52","100 KG","Wholesale","TZS","70000","kiangazi kifupi"
"2007-01-15","Morogoro","Morogoro Urban","Morogoro","89","-6.82","37.67","pulses and nuts","Beans","50","100 KG","Wholesale","TZS","67500","kiangazi kifupi"
"2007-02-15","Morogoro","Morogoro Urban","Morogoro","89","-6.82","37.67","cereals and tubers","Rice","52","100 KG","Wholesale","TZS","58900","kiangazi kifupi"
"2007-02-15","Morogoro","Morogoro Urban","Morogoro","89","-6.82","37.67","pulses and nuts","Beans","50","100 KG","Wholesale","TZS","60200","kiangazi kifupi"
"2007-03-15","Morogoro","Morogoro Urban","Morogoro","89","-6.82","37.67","cereals and tubers","Rice","52","100 KG","Wholesale","TZS","65800","masika"
"2007-03-15","Morogoro","Morogoro Urban","Morogoro","89","-6.82","37.67","pulses and nuts","Beans","50","100 KG","Wholesale","TZS","61200","masika"
"2007-04-15","Morogoro","Morogoro Urban","Morogoro","89","-6.82","37.67","cereals and tubers","Rice","52","100 KG","Wholesale","TZS","64500","masika"
"2007-04-15","Morogoro","Morogoro Urban","Morogoro","89","-6.82","37.67","pulses and nuts","Beans","50","100 KG","Wholesale","TZS","60900","masika"
"2007-05-15","Morogoro","Morogoro Urban","Morogoro","89","-6.82","37.67","cereals and tubers","Rice","52","100 KG","Wholesale","TZS","58400","masika"
"2007-05-15","Morogoro","Morogoro Urban","Morogoro","89","-6.82","37.67","pulses and nuts","Beans","50","100 KG","Wholesale","TZS","57900","masika"
"2007-06-15","Morogoro","Morogoro Urban","Morogoro","89","-6.82","37.67","cereals and tubers","Rice","52","100 KG","Wholesale","TZS","57800","kiangazi kikuu"
"2007-06-15","Morogoro","Morogoro Urban","Morogoro","89","-6.82","37.67","pulses and nuts","Beans","50","100 KG","Wholesale","TZS","59000","kiangazi kikuu"
"2007-07-15","Morogoro","Morogoro Urban","Morogoro","89","-6.82","37.67","cereals and tubers","Rice","52","100 KG","Wholesale","TZS","54500","kiangazi kikuu"
"2007-07-15","Morogoro","Morogoro Urban","Morogoro","89","-6.82","37.67","pulses and nuts","Beans","50","100 KG","Wholesale","TZS","59700","kiangazi kikuu"
"2007-08-15","Morogoro","Morogoro Urban","Morogoro","89","-6.82","37.67","cereals and tubers","Rice","52","100 KG","Wholesale","TZS","53500","kiangazi kikuu"
"2007-08-15","Morogoro","Morogoro Urban","Morogoro","89","-6.82","37.67","pulses and nuts","Beans","50","100 KG","Wholesale","TZS","55800","kiangazi kikuu"
"2007-09-15","Morogoro","Morogoro Urban","Morogoro","89","-6.82","37.67","cereals and tubers","Rice","52","100 KG","Wholesale","TZS","54700","kiangazi kikuu"
"2007-09-15","Morogoro","Morogoro Urban","Morogoro","89","-6.82","37.67","pulses and nuts","Beans","50","100 KG","Wholesale","TZS","57800","kiangazi kikuu"
"2007-10-15","Morogoro","Morogoro Urban","Morogoro","89","-6.82","37.67","cereals and tubers","Rice","52","100 KG","Wholesale","TZS","60800","kiangazi kikuu"
"2007-10-15","Morogoro","Morogoro Urban","Morogoro","89","-6.82","37.67","pulses and nuts","Beans","50","100 KG","Wholesale","TZS","61000","kiangazi kikuu"
"2007-11-15","Morogoro","Morogoro Urban","Morogoro","89","-6.82","37.67","cereals and tubers","Rice","52","100 KG","Wholesale","TZS","60200","vuli"
"2007-11-15","Morogoro","Morogoro Urban","Morogoro","89","-6.82","37.67","pulses and nuts","Beans","50","100 KG","Wholesale","TZS","65700","vuli"
"2007-12-15","Morogoro","Morogoro Urban","Morogoro","89","-6.82","37.67","cereals and tubers","Rice","52","100 KG","Wholesale","TZS","62800","vuli"
"2007-12-15","Morogoro","Morogoro Urban","Morogoro","89","-6.82","37.67","pulses and nuts","Beans","50","100 KG","Wholesale","TZS","75400","vuli"
"2008-01-15","Morogoro","Morogoro Urban","Morogoro","89","-6.82","37.67","cereals and tubers","Rice","52","100 KG","Wholesale","TZS","78200","kiangazi kifupi"
"2008-01-15","Morogoro","Morogoro Urban","Morogoro","89","-6.82","37.67","pulses and nuts","Beans","50","100 KG","Wholesale","TZS","103800","kiangazi kifupi"
"2008-02-15","Morogoro","Morogoro Urban","Morogoro","89","-6.82","37.67","cereals and tubers","Rice","52","100 KG","Wholesale","TZS","72600","kiangazi kifupi"
"2008-02-15","Morogoro","Morogoro Urban","Morogoro","89","-6.82","37.67","pulses and nuts","Beans","50","100 KG","Wholesale","TZS","103400","kiangazi kifupi"
"2008-03-15","Morogoro","Morogoro Urban","Morogoro","89","-6.82","37.67","cereals and tubers","Rice","52","100 KG","Wholesale","TZS","88300","masika"
"2008-03-15","Morogoro","Morogoro Urban","Morogoro","89","-6.82","37.67","pulses and nuts","Beans","50","100 KG","Wholesale","TZS","85000","masika"
"2008-04-15","Morogoro","Morogoro Urban","Morogoro","89","-6.82","37.67","cereals and tubers","Rice","52","100 KG","Wholesale","TZS","97100","masika"
"2008-04-15","Morogoro","Morogoro Urban","Morogoro","89","-6.82","37.67","pulses and nuts","Beans","50","100 KG","Wholesale","TZS","76500","masika"
"2008-05-15","Morogoro","Morogoro Urban","Morogoro","89","-6.82","37.67","cereals and tubers","Rice","52","100 KG","Wholesale","TZS","85400","masika"
"2008-05-15","Morogoro","Morogoro Urban","Morogoro","89","-6.82","37.67","pulses and nuts","Beans","50","100 KG","Wholesale","TZS","70900","masika"
"2008-06-15","Morogoro","Morogoro Urban","Morogoro","89","-6.82","37.67","cereals and tubers","Rice","52","100 KG","Wholesale","TZS","87875","kiangazi kikuu"
"2008-06-15","Morogoro","Morogoro Urban","Morogoro","89","-6.82","37.67","pulses and nuts","Beans","50","100 KG","Wholesale","TZS","82825","kiangazi kikuu"
"2008-07-15","Morogoro","Morogoro Urban","Morogoro","89","-6.82","37.67","cereals and tubers","Rice","52","100 KG","Wholesale","TZS","81111.11","kiangazi kikuu"
"2008-07-15","Morogoro","Morogoro Urban","Morogoro","89","-6.82","37.67","pulses and nuts","Beans","50","100 KG","Wholesale","TZS","83333.33","kiangazi kikuu"
"2008-08-15","Morogoro","Morogoro Urban","Morogoro","89","-6.82","37.67","cereals and tubers","Rice","52","100 KG","Wholesale","TZS","80000","kiangazi kikuu"
"2008-08-15","Morogoro","Morogoro Urban","Morogoro","89","-6.82","37.67","pulses and nuts","Beans","50","100 KG","Wholesale","TZS","92500","kiangazi kikuu"
"2008-09-15","Morogoro","Morogoro Urban","Morogoro","89","-6.82","37.67","cereals and tubers","Rice","52","100 KG","Wholesale","TZS","90000","kiangazi kikuu"
"2008-09-15","Morogoro","Morogoro Urban","Morogoro","89","-6.82","37.67","pulses and nuts","Beans","50","100 KG","Wholesale","TZS","94833","kiangazi kikuu"
"2008-10-15","Morogoro","Morogoro Urban","Morogoro","89","-6.82","37.67","cereals and tubers","Rice","52","100 KG","Wholesale","TZS","91769","kiangazi kikuu"
"2008-10-15","Morogoro","Morogoro Urban","Morogoro","89","-6.82","37.67","pulses and nuts","Beans","50","100 KG","Wholesale","TZS","98000","kiangazi kikuu"
"2008-11-15","Morogoro","Morogoro Urban","Morogoro","89","-6.82","37.67","cereals and tubers","Rice","52","100 KG","Wholesale","TZS","99227","vuli"
"2008-11-15","Morogoro","Morogoro Urban","Morogoro","89","-6.82","37.67","pulses and nuts","Beans","50","100 KG","Wholesale","TZS","115162","vuli"
"2008-12-15","Morogoro","Morogoro Urban","Morogoro","89","-6.82","37.67","cereals and tubers","Rice","52","100 KG","Wholesale","TZS","95000","vuli"
"2008-12-15","Morogoro","Morogoro Urban","Morogoro","89","-6.82","37.67","pulses and nuts","Beans","50","100 KG","Wholesale","TZS","100000","vuli"
"2009-01-15","Morogoro","Morogoro Urban","Morogoro","89","-6.82","37.67","cereals and tubers","Rice","52","100 KG","Wholesale","TZS","120000","kiangazi kifupi"
"2009-01-15","Morogoro","Morogoro Urban","Morogoro","89","-6.82","37.67","pulses and nuts","Beans","50","100 KG","Wholesale","TZS","100000","kiangazi kifupi"
"2009-02-15","Morogoro","Morogoro Urban","Morogoro","89","-6.82","37.67","cereals and tubers","Rice","52","100 KG","Wholesale","TZS","135000","kiangazi kifupi"
"2009-02-15","Morogoro","Morogoro Urban","Morogoro","89","-6.82","37.67","pulses and nuts","Beans","50","100 KG","Wholesale","TZS","138000","kiangazi kifupi"
"2009-03-15","Morogoro","Morogoro Urban","Morogoro","89","-6.82","37.67","cereals and tubers","Rice","52","100 KG","Wholesale","TZS","135000","masika"
"2009-03-15","Morogoro","Morogoro Urban","Morogoro","89","-6.82","37.67","pulses and nuts","Beans","50","100 KG","Wholesale","TZS","110000","masika"
"2009-04-15","Morogoro","Morogoro Urban","Morogoro","89","-6.82","37.67","cereals and tubers","Rice","52","100 KG","Wholesale","TZS","120750","masika"
"2009-04-15","Morogoro","Morogoro Urban","Morogoro","89","-6.82","37.67","pulses and nuts","Beans","50","100 KG","Wholesale","TZS","98250","masika"
"2009-05-15","Morogoro","Morogoro Urban","Morogoro","89","-6.82","37.67","cereals and tubers","Rice","52","100 KG","Wholesale","TZS","110625","masika"
"2009-05-15","Morogoro","Morogoro Urban","Morogoro","89","-6.82","37.67","pulses and nuts","Beans","50","100 KG","Wholesale","TZS","87687.5","masika"
"2009-06-15","Morogoro","Morogoro Urban","Morogoro","89","-6.82","37.67","cereals and tubers","Rice","52","100 KG","Wholesale","TZS","112916.67","kiangazi kikuu"
"2009-06-15","Morogoro","Morogoro Urban","Morogoro","89","-6.82","37.67","pulses and nuts","Beans","50","100 KG","Wholesale","TZS","106583.33","kiangazi kikuu"
"2009-08-15","Morogoro","Morogoro Urban","Morogoro","89","-6.82","37.67","cereals and tubers","Rice","52","100 KG","Wholesale","TZS","110000","kiangazi kikuu"
"2009-09-15","Morogoro","Morogoro Urban","Morogoro","89","-6.82","37.67","cereals and tubers","Rice","52","100 KG","Wholesale","TZS","110000","kiangazi kikuu"
"2009-10-15","Morogoro","Morogoro Urban","Morogoro","89","-6.82","37.67","cereals and tubers","Rice","52","100 KG","Wholesale","TZS","105000","kiangazi kikuu"
"2009-11-15","Morogoro","Morogoro Urban","Morogoro","89","-6.82","37.67","cereals and tubers","Rice","52","100 KG","Wholesale","TZS","110000","vuli"
"2009-12-15","Morogoro","Morogoro Urban","Morogoro","89","-6.82","37.67","cereals and tubers","Rice","52","100 KG","Wholesale","TZS","105000","vuli"
"2010-01-15","Morogoro","Morogoro Urban","Morogoro","89","-6.82","37.67","cereals and tubers","Rice","52","100 KG","Wholesale","TZS","125000","kiangazi kifupi"
"2010-02-15","Morogoro","Morogoro Urban","Morogoro","89","-6.82","37.67","cereals and tubers","Rice","52","100 KG","Wholesale","TZS","130000","kiangazi kifupi"
"2010-03-15","Morogoro","Morogoro Urban","Morogoro","89","-6.82","37.67","cereals and tubers","Rice","52","100 KG","Wholesale","TZS","125000","masika"
"2010-04-15","Morogoro","Morogoro Urban","Morogoro","89","-6.82","37.67","cereals and tubers","Rice","52","100 KG","Wholesale","TZS","107000","masika"
"2010-05-15","Morogoro","Morogoro Urban","Morogoro","89","-6.82","37.67","cereals and tubers","Rice","52","100 KG","Wholesale","TZS","107000","masika"
"2010-06-15","Morogoro","Morogoro Urban","Morogoro","89","-6.82","37.67","cereals and tubers","Rice","52","100 KG","Wholesale","TZS","104231","kiangazi kikuu"
"2010-07-15","Morogoro","Morogoro Urban","Morogoro","89","-6.82","37.67","cereals and tubers","Rice","52","100 KG","Wholesale","TZS","95625","kiangazi kikuu"
"2010-08-15","Morogoro","Morogoro Urban","Morogoro","89","-6.82","37.67","cereals and tubers","Rice","52","100 KG","Wholesale","TZS","94792","kiangazi kikuu"
"2010-09-15","Morogoro","Morogoro Urban","Morogoro","89","-6.82","37.67","cereals and tubers","Rice","52","100 KG","Wholesale","TZS","94529","kiangazi kikuu"
"2010-10-15","Morogoro","Morogoro Urban","Morogoro","89","-6.82","37.67","cereals and tubers","Rice","52","100 KG","Wholesale","TZS","87914","kiangazi kikuu"
"2010-11-15","Morogoro","Morogoro Urban","Morogoro","89","-6.82","37.67","cereals and tubers","Rice","52","100 KG","Wholesale","TZS","95700","vuli"
"2010-12-15","Morogoro","Morogoro Urban","Morogoro","89","-6.82","37.67","cereals and tubers","Rice","52","100 KG","Wholesale","TZS","95714","vuli"
"2011-01-15","Morogoro","Morogoro Urban","Morogoro","89","-6.82","37.67","cereals and tubers","Rice","52","100 KG","Wholesale","TZS","100000","kiangazi kifupi"
"2011-01-15","Morogoro","Morogoro Urban","Morogoro","89","-6.82","37.67","pulses and nuts","Beans","50","100 KG","Wholesale","TZS","112083","kiangazi kifupi"
"2011-02-15","Morogoro","Morogoro Urban","Morogoro","89","-6.82","37.67","cereals and tubers","Rice","52","100 KG","Wholesale","TZS","100600","kiangazi kifupi"
"2011-02-15","Morogoro","Morogoro Urban","Morogoro","89","-6.82","37.67","pulses and nuts","Beans","50","100 KG","Wholesale","TZS","130500","kiangazi kifupi"
"2011-03-15","Morogoro","Morogoro Urban","Morogoro","89","-6.82","37.67","cereals and tubers","Rice","52","100 KG","Wholesale","TZS","106166.6","masika"
"2011-03-15","Morogoro","Morogoro Urban","Morogoro","89","-6.82","37.67","pulses and nuts","Beans","50","100 KG","Wholesale","TZS","131666.6","masika"
"2011-04-15","Morogoro","Morogoro Urban","Morogoro","89","-6.82","37.67","cereals and tubers","Rice","52","100 KG","Wholesale","TZS","110000","masika"
"2011-04-15","Morogoro","Morogoro Urban","Morogoro","89","-6.82","37.67","pulses and nuts","Beans","50","100 KG","Wholesale","TZS","100938","masika"
"2011-05-15","Morogoro","Morogoro Urban","Morogoro","89","-6.82","37.67","cereals and tubers","Rice","52","100 KG","Wholesale","TZS","120000","masika"
"2011-05-15","Morogoro","Morogoro Urban","Morogoro","89","-6.82","37.67","pulses and nuts","Beans","50","100 KG","Wholesale","TZS","105000","masika"
"2011-06-15","Morogoro","Morogoro Urban","Morogoro","89","-6.82","37.67","cereals and tubers","Rice","52","100 KG","Wholesale","TZS","115000","kiangazi kikuu"
"2011-06-15","Morogoro","Morogoro Urban","Morogoro","89","-6.82","37.67","pulses and nuts","Beans","50","100 KG","Wholesale","TZS","102500","kiangazi kikuu"
"2011-07-15","Morogoro","Morogoro Urban","Morogoro","89","-6.82","37.67","cereals and tubers","Rice","52","100 KG","Wholesale","TZS","111042","kiangazi kikuu"
"2011-07-15","Morogoro","Morogoro Urban","Morogoro","89","-6.82","37.67","pulses and nuts","Beans","50","100 KG","Wholesale","TZS","114833","kiangazi kikuu"
"2011-08-15","Morogoro","Morogoro Urban","Morogoro","89","-6.82","37.67","cereals and tubers","Rice","52","100 KG","Wholesale","TZS","107292","kiangazi kikuu"
"2011-08-15","Morogoro","Morogoro Urban","Morogoro","89","-6.82","37.67","pulses and nuts","Beans","50","100 KG","Wholesale","TZS","114646","kiangazi kikuu"
"2011-09-15","Morogoro","Morogoro Urban","Morogoro","89","-6.82","37.67","cereals and tubers","Rice","52","100 KG","Wholesale","TZS","100313","kiangazi kikuu"
"2011-09-15","Morogoro","Morogoro Urban","Morogoro","89","-6.82","37.67","pulses and nuts","Beans","50","100 KG","Wholesale","TZS","121563","kiangazi kikuu"
"2011-10-15","Morogoro","Morogoro Urban","Morogoro","89","-6.82","37.67","cereals and tubers","Rice","52","100 KG","Wholesale","TZS","115417","kiangazi kikuu"
"2011-10-15","Morogoro","Morogoro Urban","Morogoro","89","-6.82","37.67","pulses and nuts","Beans","50","100 KG","Wholesale","TZS","122708","kiangazi kikuu"
"2011-11-15","Morogoro","Morogoro Urban","Morogoro","89","-6.82","37.67","cereals and tubers","Rice","52","100 KG","Wholesale","TZS","129615","vuli"
"2011-11-15","Morogoro","Morogoro Urban","Morogoro","89","-6.82","37.67","pulses and nuts","Beans","50","100 KG","Wholesale","TZS","124231","vuli"
"2011-12-15","Morogoro","Morogoro Urban","Morogoro","89","-6.82","37.67","cereals and tubers","Rice","52","100 KG","Wholesale","TZS","135357","vuli"
"2012-01-15","Morogoro","Morogoro Urban","Morogoro","89","-6.82","37.67","cereals and tubers","Rice","52","100 KG","Wholesale","TZS","153077","kiangazi kifupi"
"2012-01-15","Morogoro","Morogoro Urban","Morogoro","89","-6.82","37.67","pulses and nuts","Beans","50","100 KG","Wholesale","TZS","147308","kiangazi kifupi"
"2012-02-15","Morogoro","Morogoro Urban","Morogoro","89","-6.82","37.67","cereals and tubers","Rice","52","100 KG","Wholesale","TZS","157577","kiangazi kifupi"
"2012-02-15","Morogoro","Morogoro Urban","Morogoro","89","-6.82","37.67","pulses and nuts","Beans","50","100 KG","Wholesale","TZS","147115","kiangazi kifupi"
"2012-03-15","Morogoro","Morogoro Urban","Morogoro","89","-6.82","37.67","cereals and tubers","Rice","52","100 KG","Wholesale","TZS","152778","masika"
"2012-03-15","Morogoro","Morogoro Urban","Morogoro","89","-6.82","37.67","pulses and nuts","Beans","50","100 KG","Wholesale","TZS","143056","masika"
"2012-04-15","Morogoro","Morogoro Urban","Morogoro","89","-6.82","37.67","cereals and tubers","Rice","52","100 KG","Wholesale","TZS","169545","masika"
"2012-04-15","Morogoro","Morogoro Urban","Morogoro","89","-6.82","37.67","pulses and nuts","Beans","50","100 KG","Wholesale","TZS","138182","masika"
"2012-05-15","Morogoro","Morogoro Urban","Morogoro","89","-6.82","37.67","cereals and tubers","Rice","52","100 KG","Wholesale","TZS","177423","masika"
"2012-05-15","Morogoro","Morogoro Urban","Morogoro","89","-6.82","37.67","pulses and nuts","Beans","50","100 KG","Wholesale","TZS","144135","masika"
"2012-06-15","Morogoro","Morogoro Urban","Morogoro","89","-6.82","37.67","cereals and tubers","Rice","52","100 KG","Wholesale","TZS","156100","kiangazi kikuu"
"2012-06-15","Morogoro","Morogoro Urban","Morogoro","89","-6.82","37.67","pulses and nuts","Beans","50","100 KG","Wholesale","TZS","148950","kiangazi kikuu"
"2012-07-15","Morogoro","Morogoro Urban","Morogoro","89","-6.82","37.67","cereals and tubers","Rice","52","100 KG","Wholesale","TZS","160769","kiangazi kikuu"
"2012-07-15","Morogoro","Morogoro Urban","Morogoro","89","-6.82","37.67","pulses and nuts","Beans","50","100 KG","Wholesale","TZS","146038","kiangazi kikuu"
"2012-08-15","Morogoro","Morogoro Urban","Morogoro","89","-6.82","37.67","cereals and tubers","Rice","52","100 KG","Wholesale","TZS","155000","kiangazi kikuu"
"2012-08-15","Morogoro","Morogoro Urban","Morogoro","89","-6.82","37.67","pulses and nuts","Beans","50","100 KG","Wholesale","TZS","125000","kiangazi kikuu"
"2012-09-15","Morogoro","Morogoro Urban","Morogoro","89","-6.82","37.67","cereals and tubers","Rice","52","100 KG","Wholesale","TZS","150000","kiangazi kikuu"
"2012-09-15","Morogoro","Morogoro Urban","Morogoro","89","-6.82","37.67","pulses and nuts","Beans","50","100 KG","Wholesale","TZS","125375","kiangazi kikuu"
"2012-10-15","Morogoro","Morogoro Urban","Morogoro","89","-6.82","37.67","cereals and tubers","Rice","52","100 KG","Wholesale","TZS","160500","kiangazi kikuu"
"2012-10-15","Morogoro","Morogoro Urban","Morogoro","89","-6.82","37.67","pulses and nuts","Beans","50","100 KG","Wholesale","TZS","132000","kiangazi kikuu"
"2012-11-15","Morogoro","Morogoro Urban","Morogoro","89","-6.82","37.67","cereals and tubers","Rice","52","100 KG","Wholesale","TZS","180833","vuli"
"2012-11-15","Morogoro","Morogoro Urban","Morogoro","89","-6.82","37.67","pulses and nuts","Beans","50","100 KG","Wholesale","TZS","143750","vuli"
"2012-12-15","Morogoro","Morogoro Urban","Morogoro","89","-6.82","37.67","cereals and tubers","Rice","52","100 KG","Wholesale","TZS","181666.67","vuli"
"2012-12-15","Morogoro","Morogoro Urban","Morogoro","89","-6.82","37.67","pulses and nuts","Beans","50","100 KG","Wholesale","TZS","144444.44","vuli"
"2013-01-15","Morogoro","Morogoro Urban","Morogoro","89","-6.82","37.67","cereals and tubers","Rice","52","100 KG","Wholesale","TZS","181250","kiangazi kifupi"
"2013-01-15","Morogoro","Morogoro Urban","Morogoro","89","-6.82","37.67","pulses and nuts","Beans","50","100 KG","Wholesale","TZS","161000","kiangazi kifupi"
"2013-02-15","Morogoro","Morogoro Urban","Morogoro","89","-6.82","37.67","cereals and tubers","Rice","52","100 KG","Wholesale","TZS","187045.45","kiangazi kifupi"
"2013-02-15","Morogoro","Morogoro Urban","Morogoro","89","-6.82","37.67","pulses and nuts","Beans","50","100 KG","Wholesale","TZS","145000","kiangazi kifupi"
"2013-03-15","Morogoro","Morogoro Urban","Morogoro","89","-6.82","37.67","cereals and tubers","Rice","52","100 KG","Wholesale","TZS","174375","masika"
"2013-03-15","Morogoro","Morogoro Urban","Morogoro","89","-6.82","37.67","pulses and nuts","Beans","50","100 KG","Wholesale","TZS","150000","masika"
"2013-04-15","Morogoro","Morogoro Urban","Morogoro","89","-6.82","37.67","cereals and tubers","Rice","52","100 KG","Wholesale","TZS","148229.25","masika"
"2013-04-15","Morogoro","Morogoro Urban","Morogoro","89","-6.82","37.67","pulses and nuts","Beans","50","100 KG","Wholesale","TZS","131875","masika"
"2013-05-15","Morogoro","Morogoro Urban","Morogoro","89","-6.82","37.67","cereals and tubers","Rice","52","100 KG","Wholesale","TZS","128500","masika"
"2013-05-15","Morogoro","Morogoro Urban","Morogoro","89","-6.82","37.67","pulses and nuts","Beans","50","100 KG","Wholesale","TZS","119166.8","masika"
"2013-06-15","Morogoro","Morogoro Urban","Morogoro","89","-6.82","37.67","cereals and tubers","Rice","52","100 KG","Wholesale","TZS","125000","kiangazi kikuu"
"2013-06-15","Morogoro","Morogoro Urban","Morogoro","89","-6.82","37.67","pulses and nuts","Beans","50","100 KG","Wholesale","TZS","132222.33","kiangazi kikuu"
"2013-07-15","Morogoro","Morogoro Urban","Morogoro","89","-6.82","37.67","cereals and tubers","Rice","52","100 KG","Wholesale","TZS","121875","kiangazi kikuu"
"2013-07-15","Morogoro","Morogoro Urban","Morogoro","89","-6.82","37.67","pulses and nuts","Beans","50","100 KG","Wholesale","TZS","119375","kiangazi kikuu"
"2013-08-15","Morogoro","Morogoro Urban","Morogoro","89","-6.82","37.67","cereals and tubers","Rice","52","100 KG","Wholesale","TZS","111250","kiangazi kikuu"
"2013-08-15","Morogoro","Morogoro Urban","Morogoro","89","-6.82","37.67","pulses and nuts","Beans","50","100 KG","Wholesale","TZS","123888.83","kiangazi kikuu"
"2013-09-15","Morogoro","Morogoro Urban","Morogoro","89","-6.82","37.67","cereals and tubers","Rice","52","100 KG","Wholesale","TZS","101666.75","kiangazi kikuu"
"2013-09-15","Morogoro","Morogoro Urban","Morogoro","89","-6.82","37.67","pulses and nuts","Beans","50","100 KG","Wholesale","TZS","127291.75","kiangazi kikuu"
"2013-10-15","Morogoro","Morogoro Urban","Morogoro","89","-6.82","37.67","cereals and tubers","Rice","52","100 KG","Wholesale","TZS","102500","kiangazi kikuu"
"2013-10-15","Morogoro","Morogoro Urban","Morogoro","89","-6.82","37.67","pulses and nuts","Beans","50","100 KG","Wholesale","TZS","133750","kiangazi kikuu"
"2013-11-15","Morogoro","Morogoro Urban","Morogoro","89","-6.82","37.67","cereals and tubers","Rice","52","100 KG","Wholesale","TZS","113958.5","vuli"
"2013-11-15","Morogoro","Morogoro Urban","Morogoro","89","-6.82","37.67","pulses and nuts","Beans","50","100 KG","Wholesale","TZS","144791.75","vuli"
"2013-12-15","Morogoro","Morogoro Urban","Morogoro","89","-6.82","37.67","cereals and tubers","Rice","52","100 KG","Wholesale","TZS","115000","vuli"
"2013-12-15","Morogoro","Morogoro Urban","Morogoro","89","-6.82","37.67","pulses and nuts","Beans","50","100 KG","Wholesale","TZS","145000","vuli"
"2014-01-15","Morogoro","Morogoro Urban","Morogoro","89","-6.82","37.67","cereals and tubers","Rice","52","100 KG","Wholesale","TZS","112083.25","kiangazi kifupi"
"2014-01-15","Morogoro","Morogoro Urban","Morogoro","89","-6.82","37.67","pulses and nuts","Beans","50","100 KG","Wholesale","TZS","151250","kiangazi kifupi"
"2014-02-15","Morogoro","Morogoro Urban","Morogoro","89","-6.82","37.67","cereals and tubers","Rice","52","100 KG","Wholesale","TZS","112708","kiangazi kifupi"
"2014-02-15","Morogoro","Morogoro Urban","Morogoro","89","-6.82","37.67","pulses and nuts","Beans","50","100 KG","Wholesale","TZS","150833","kiangazi kifupi"
"2014-03-15","Morogoro","Morogoro Urban","Morogoro","89","-6.82","37.67","cereals and tubers","Rice","52","100 KG","Wholesale","TZS","123125","masika"
"2014-03-15","Morogoro","Morogoro Urban","Morogoro","89","-6.82","37.67","pulses and nuts","Beans","50","100 KG","Wholesale","TZS","162292","masika"
"2014-04-15","Morogoro","Morogoro Urban","Morogoro","89","-6.82","37.67","cereals and tubers","Rice","52","100 KG","Wholesale","TZS","132750","masika"
"2014-04-15","Morogoro","Morogoro Urban","Morogoro","89","-6.82","37.67","pulses and nuts","Beans","50","100 KG","Wholesale","TZS","165250","masika"
"2014-05-15","Morogoro","Morogoro Urban","Morogoro","89","-6.82","37.67","cereals and tubers","Rice","52","100 KG","Wholesale","TZS","132884.62","masika"
"2014-05-15","Morogoro","Morogoro Urban","Morogoro","89","-6.82","37.67","pulses and nuts","Beans","50","100 KG","Wholesale","TZS","167250","masika"
"2014-06-15","Morogoro","Morogoro Urban","Morogoro","89","-6.82","37.67","cereals and tubers","Rice","52","100 KG","Wholesale","TZS","127291.75","kiangazi kikuu"
"2014-06-15","Morogoro","Morogoro Urban","Morogoro","89","-6.82","37.67","pulses and nuts","Beans","50","100 KG","Wholesale","TZS","166520.75","kiangazi kikuu"
"2014-07-15","Morogoro","Morogoro Urban","Morogoro","89","-6.82","37.67","cereals and tubers","Rice","52","100 KG","Wholesale","TZS","104773","kiangazi kikuu"
"2014-07-15","Morogoro","Morogoro Urban","Morogoro","89","-6.82","37.67","pulses and nuts","Beans","50","100 KG","Wholesale","TZS","143864","kiangazi kikuu"
"2014-08-15","Morogoro","Morogoro Urban","Morogoro","89","-6.82","37.67","cereals and tubers","Rice","52","100 KG","Wholesale","TZS","92292","kiangazi kikuu"
"2014-08-15","Morogoro","Morogoro Urban","Morogoro","89","-6.82","37.67","pulses and nuts","Beans","50","100 KG","Wholesale","TZS","142500","kiangazi kikuu"
"2014-09-15","Morogoro","Morogoro Urban","Morogoro","89","-6.82","37.67","cereals and tubers","Rice","52","100 KG","Wholesale","TZS","101538","kiangazi kikuu"
"2014-09-15","Morogoro","Morogoro Urban","Morogoro","89","-6.82","37.67","pulses and nuts","Beans","50","100 KG","Wholesale","TZS","147115","kiangazi kikuu"
"2014-11-15","Morogoro","Morogoro Urban","Morogoro","89","-6.82","37.67","cereals and tubers","Rice","52","100 KG","Wholesale","TZS","108750","vuli"
"2014-11-15","Morogoro","Morogoro Urban","Morogoro","89","-6.82","37.67","pulses and nuts","Beans","50","100 KG","Wholesale","TZS","153214","vuli"
"2014-12-15","Morogoro","Morogoro Urban","Morogoro","89","-6.82","37.67","cereals and tubers","Rice","52","100 KG","Wholesale","TZS","128462","vuli"
"2014-12-15","Morogoro","Morogoro Urban","Morogoro","89","-6.82","37.67","pulses and nuts","Beans","50","100 KG","Wholesale","TZS","162115","vuli"
"2015-01-15","Morogoro","Morogoro Urban","Morogoro","89","-6.82","37.67","cereals and tubers","Rice","52","100 KG","Wholesale","TZS","130750","kiangazi kifupi"
"2015-01-15","Morogoro","Morogoro Urban","Morogoro","89","-6.82","37.67","pulses and nuts","Beans","50","100 KG","Wholesale","TZS","165250","kiangazi kifupi"
"2015-02-15","Morogoro","Morogoro Urban","Morogoro","89","-6.82","37.67","cereals and tubers","Rice","52","100 KG","Wholesale","TZS","137500","kiangazi kifupi"
"2015-02-15","Morogoro","Morogoro Urban","Morogoro","89","-6.82","37.67","pulses and nuts","Beans","50","100 KG","Wholesale","TZS","171250","kiangazi kifupi"
"2015-03-15","Morogoro","Morogoro Urban","Morogoro","89","-6.82","37.67","cereals and tubers","Rice","52","100 KG","Wholesale","TZS","158750","masika"
"2015-03-15","Morogoro","Morogoro Urban","Morogoro","89","-6.82","37.67","pulses and nuts","Beans","50","100 KG","Wholesale","TZS","172083","masika"
"2015-04-15","Morogoro","Morogoro Urban","Morogoro","89","-6.82","37.67","cereals and tubers","Rice","52","100 KG","Wholesale","TZS","162045","masika"
"2015-04-15","Morogoro","Morogoro Urban","Morogoro","89","-6.82","37.67","pulses and nuts","Beans","50","100 KG","Wholesale","TZS","169250","masika"
"2015-05-15","Morogoro","Morogoro Urban","Morogoro","89","-6.82","37.67","cereals and tubers","Rice","52","100 KG","Wholesale","TZS","163750","masika"
"2015-05-15","Morogoro","Morogoro Urban","Morogoro","89","-6.82","37.67","pulses and nuts","Beans","50","100 KG","Wholesale","TZS","185833","masika"
"2015-06-15","Morogoro","Morogoro Urban","Morogoro","89","-6.82","37.67","cereals and tubers","Rice","52","100 KG","Wholesale","TZS","159444","kiangazi kikuu"
"2015-06-15","Morogoro","Morogoro Urban","Morogoro","89","-6.82","37.67","pulses and nuts","Beans","50","100 KG","Wholesale","TZS","193889","kiangazi kikuu"
"2015-07-15","Morogoro","Morogoro Urban","Morogoro","89","-6.82","37.67","cereals and tubers","Rice","52","100 KG","Wholesale","TZS","148958","kiangazi kikuu"
"2015-07-15","Morogoro","Morogoro Urban","Morogoro","89","-6.82","37.67","pulses and nuts","Beans","50","100 KG","Wholesale","TZS","158542","kiangazi kikuu"
"2015-08-15","Morogoro","Morogoro Urban","Morogoro","89","-6.82","37.67","cereals and tubers","Rice","52","100 KG","Wholesale","TZS","141041.67","kiangazi kikuu"
"2015-08-15","Morogoro","Morogoro Urban","Morogoro","89","-6.82","37.67","pulses and nuts","Beans","50","100 KG","Wholesale","TZS","158958.33","kiangazi kikuu"
"2015-09-15","Morogoro","Morogoro Urban","Morogoro","89","-6.82","37.67","cereals and tubers","Rice","52","100 KG","Wholesale","TZS","170227","kiangazi kikuu"
"2015-09-15","Morogoro","Morogoro Urban","Morogoro","89","-6.82","37.67","pulses and nuts","Beans","50","100 KG","Wholesale","TZS","178636","kiangazi kikuu"
"2015-10-15","Morogoro","Morogoro Urban","Morogoro","89","-6.82","37.67","cereals and tubers","Rice","52","100 KG","Wholesale","TZS","184750","kiangazi kikuu"
"2015-10-15","Morogoro","Morogoro Urban","Morogoro","89","-6.82","37.67","pulses and nuts","Beans","50","100 KG","Wholesale","TZS","182000","kiangazi kikuu"
"2015-11-15","Morogoro","Morogoro Urban","Morogoro","89","-6.82","37.67","cereals and tubers","Rice","52","100 KG","Wholesale","TZS","176136","vuli"
"2015-11-15","Morogoro","Morogoro Urban","Morogoro","89","-6.82","37.67","pulses and nuts","Beans","50","100 KG","Wholesale","TZS","180455","vuli"
"2015-12-15","Morogoro","Morogoro Urban","Morogoro","89","-6.82","37.67","cereals and tubers","Rice","52","100 KG","Wholesale","TZS","180909","vuli"
"2015-12-15","Morogoro","Morogoro Urban","Morogoro","89","-6.82","37.67","pulses and nuts","Beans","50","100 KG","Wholesale","TZS","184773","vuli"
"2016-01-15","Morogoro","Kilombero","Morogoro Region","4551","-7.92","36.99","cereals and tubers","Rice","52","KG","Retail","TZS","1866.7","kiangazi kifupi"
"2016-01-15","Morogoro","Morogoro Urban","Morogoro","89","-6.82","37.67","cereals and tubers","Rice","52","100 KG","Wholesale","TZS","185000","kiangazi kifupi"
"2016-01-15","Morogoro","Morogoro Urban","Morogoro","89","-6.82","37.67","pulses and nuts","Beans","50","100 KG","Wholesale","TZS","185208","kiangazi kifupi"
"2016-02-15","Morogoro","Kilombero","Morogoro Region","4551","-7.92","36.99","cereals and tubers","Rice","52","KG","Retail","TZS","1855.6","kiangazi kifupi"
"2016-02-15","Morogoro","Morogoro Urban","Morogoro","89","-6.82","37.67","cereals and tubers","Rice","52","100 KG","Wholesale","TZS","185000","kiangazi kifupi"
"2016-02-15","Morogoro","Morogoro Urban","Morogoro","89","-6.82","37.67","pulses and nuts","Beans","50","100 KG","Wholesale","TZS","189500","kiangazi kifupi"
"2016-03-15","Morogoro","Kilombero","Morogoro Region","4551","-7.92","36.99","cereals and tubers","Rice","52","KG","Retail","TZS","1866.7","masika"
"2016-03-15","Morogoro","Morogoro Urban","Morogoro","89","-6.82","37.67","cereals and tubers","Rice","52","100 KG","Wholesale","TZS","195000","masika"
"2016-03-15","Morogoro","Morogoro Urban","Morogoro","89","-6.82","37.67","pulses and nuts","Beans","50","100 KG","Wholesale","TZS","171667","masika"
"2016-04-15","Morogoro","Kilombero","Morogoro Region","4551","-7.92","36.99","cereals and tubers","Rice","52","KG","Retail","TZS","1855.6","masika"
"2016-04-15","Morogoro","Morogoro Urban","Morogoro","89","-6.82","37.67","cereals and tubers","Rice","52","100 KG","Wholesale","TZS","207955","masika"
"2016-04-15","Morogoro","Morogoro Urban","Morogoro","89","-6.82","37.67","pulses and nuts","Beans","50","100 KG","Wholesale","TZS","174318","masika"
"2016-05-15","Morogoro","Kilombero","Morogoro Region","4551","-7.92","36.99","cereals and tubers","Rice","52","KG","Retail","TZS","1955.6","masika"
"2016-05-15","Morogoro","Morogoro Urban","Morogoro","89","-6.82","37.67","cereals and tubers","Rice","52","100 KG","Wholesale","TZS","180500","masika"
"2016-05-15","Morogoro","Morogoro Urban","Morogoro","89","-6.82","37.67","pulses and nuts","Beans","50","100 KG","Wholesale","TZS","169000","masika"
"2016-06-15","Morogoro","Kilombero","Morogoro Region","4551","-7.92","36.99","cereals and tubers","Rice","52","KG","Retail","TZS","1955.6","kiangazi kikuu"
"2016-06-15","Morogoro","Morogoro Urban","Morogoro","89","-6.82","37.67","cereals and tubers","Rice","52","100 KG","Wholesale","TZS","182083","kiangazi kikuu"
"2016-06-15","Morogoro","Morogoro Urban","Morogoro","89","-6.82","37.67","pulses and nuts","Beans","50","100 KG","Wholesale","TZS","172500","kiangazi kikuu"
"2016-07-15","Morogoro","Kilombero","Morogoro Region","4551","-7.92","36.99","cereals and tubers","Rice","52","KG","Retail","TZS","1955.6","kiangazi kikuu"
"2016-07-15","Morogoro","Morogoro Urban","Morogoro","89","-6.82","37.67","cereals and tubers","Rice","52","100 KG","Wholesale","TZS","162917","kiangazi kikuu"
"2016-07-15","Morogoro","Morogoro Urban","Morogoro","89","-6.82","37.67","pulses and nuts","Beans","50","100 KG","Wholesale","TZS","173125","kiangazi kikuu"
"2016-08-15","Morogoro","Kilombero","Morogoro Region","4551","-7.92","36.99","cereals and tubers","Rice","52","KG","Retail","TZS","1955.6","kiangazi kikuu"
"2016-08-15","Morogoro","Morogoro Urban","Morogoro","89","-6.82","37.67","cereals and tubers","Rice","52","100 KG","Wholesale","TZS","142273","kiangazi kikuu"
"2016-08-15","Morogoro","Morogoro Urban","Morogoro","89","-6.82","37.67","pulses and nuts","Beans","50","100 KG","Wholesale","TZS","171591","kiangazi kikuu"
"2016-09-15","Morogoro","Kilombero","Morogoro Region","4551","-7.92","36.99","cereals and tubers","Rice","52","KG","Retail","TZS","1933.3","kiangazi kikuu"
"2016-09-15","Morogoro","Morogoro Urban","Morogoro","89","-6.82","37.67","cereals and tubers","Rice","52","100 KG","Wholesale","TZS","139375","kiangazi kikuu"
"2016-09-15","Morogoro","Morogoro Urban","Morogoro","89","-6.82","37.67","pulses and nuts","Beans","50","100 KG","Wholesale","TZS","175000","kiangazi kikuu"
"2016-10-15","Morogoro","Kilombero","Morogoro Region","4551","-7.92","36.99","cereals and tubers","Rice","52","KG","Retail","TZS","1933.3","kiangazi kikuu"
"2016-10-15","Morogoro","Morogoro Urban","Morogoro","89","-6.82","37.67","cereals and tubers","Rice","52","100 KG","Wholesale","TZS","156875","kiangazi kikuu"
"2016-10-15","Morogoro","Morogoro Urban","Morogoro","89","-6.82","37.67","pulses and nuts","Beans","50","100 KG","Wholesale","TZS","179479","kiangazi kikuu"
"2016-11-15","Morogoro","Kilombero","Morogoro Region","4551","-7.92","36.99","cereals and tubers","Rice","52","KG","Retail","TZS","1988.9","vuli"
"2016-11-15","Morogoro","Morogoro Urban","Morogoro","89","-6.82","37.67","cereals and tubers","Rice","52","100 KG","Wholesale","TZS","150758","vuli"
"2016-11-15","Morogoro","Morogoro Urban","Morogoro","89","-6.82","37.67","pulses and nuts","Beans","50","100 KG","Wholesale","TZS","188682","vuli"
"2016-12-15","Morogoro","Kilombero","Morogoro Region","4551","-7.92","36.99","cereals and tubers","Rice","52","KG","Retail","TZS","1933.3","vuli"
"2016-12-15","Morogoro","Morogoro Urban","Morogoro","89","-6.82","37.67","cereals and tubers","Rice","52","100 KG","Wholesale","TZS","146667","vuli"
"2016-12-15","Morogoro","Morogoro Urban","Morogoro","89","-6.82","37.67","pulses and nuts","Beans","50","100 KG","Wholesale","TZS","190000","vuli"
"2017-01-15","Morogoro","Kilombero","Morogoro Region","4551","-7.92","36.99","cereals and tubers","Rice","52","KG","Retail","TZS","1755.6","kiangazi kifupi"
"2017-01-15","Morogoro","Morogoro Urban","Morogoro","89","-6.82","37.67","cereals and tubers","Rice","52","100 KG","Wholesale","TZS","152400","kiangazi kifupi"
"2017-02-15","Morogoro","Kilombero","Morogoro Region","4551","-7.92","36.99","cereals and tubers","Rice","52","KG","Retail","TZS","1833.3","kiangazi kifupi"
"2017-02-15","Morogoro","Morogoro Urban","Morogoro","89","-6.82","37.67","cereals and tubers","Rice","52","100 KG","Wholesale","TZS","172500","kiangazi kifupi"
"2017-02-15","Morogoro","Morogoro Urban","Morogoro","89","-6.82","37.67","pulses and nuts","Beans","50","100 KG","Wholesale","TZS","184285.71","kiangazi kifupi"
"2017-03-15","Morogoro","Kilombero","Morogoro Region","4551","-7.92","36.99","cereals and tubers","Rice","52","KG","Retail","TZS","1866.7","masika"
"2017-03-15","Morogoro","Morogoro Urban","Morogoro","89","-6.82","37.67","cereals and tubers","Rice","52","100 KG","Wholesale","TZS","104266.67","masika"
"2017-03-15","Morogoro","Morogoro Urban","Morogoro","89","-6.82","37.67","pulses and nuts","Beans","50","100 KG","Wholesale","TZS","196184.21","masika"
"2017-04-15","Morogoro","Kilombero","Morogoro Region","4551","-7.92","36.99","cereals and tubers","Rice","52","KG","Retail","TZS","1888.9","masika"
"2017-04-15","Morogoro","Morogoro Urban","Morogoro","89","-6.82","37.67","cereals and tubers","Rice","52","100 KG","Wholesale","TZS","180500","masika"
"2017-04-15","Morogoro","Morogoro Urban","Morogoro","89","-6.82","37.67","pulses and nuts","Beans","50","100 KG","Wholesale","TZS","168625","masika"
"2017-05-15","Morogoro","Kilombero","Morogoro Region","4551","-7.92","36.99","cereals and tubers","Rice","52","KG","Retail","TZS","1888.9","masika"
"2017-05-15","Morogoro","Morogoro Urban","Morogoro","89","-6.82","37.67","cereals and tubers","Rice","52","100 KG","Wholesale","TZS","193611.11","masika"
"2017-05-15","Morogoro","Morogoro Urban","Morogoro","89","-6.82","37.67","pulses and nuts","Beans","50","100 KG","Wholesale","TZS","181388.89","masika"
"2017-06-15","Morogoro","Kilombero","Morogoro Region","4551","-7.92","36.99","cereals and tubers","Rice","52","KG","Retail","TZS","1877.8","kiangazi kikuu"
"2017-06-15","Morogoro","Morogoro Urban","Morogoro","89","-6.82","37.67","cereals and tubers","Rice","52","100 KG","Wholesale","TZS","176944.44","kiangazi kikuu"
"2017-06-15","Morogoro","Morogoro Urban","Morogoro","89","-6.82","37.67","pulses and nuts","Beans","50","100 KG","Wholesale","TZS","183296.3","kiangazi kikuu"
"2017-07-15","Morogoro","Kilombero","Morogoro Region","4551","-7.92","36.99","cereals and tubers","Rice","52","KG","Retail","TZS","1877.8","kiangazi kikuu"
"2017-07-15","Morogoro","Morogoro Urban","Morogoro","89","-6.82","37.67","cereals and tubers","Rice","52","100 KG","Wholesale","TZS","155000","kiangazi kikuu"
"2017-07-15","Morogoro","Morogoro Urban","Morogoro","89","-6.82","37.67","pulses and nuts","Beans","50","100 KG","Wholesale","TZS","177777.78","kiangazi kikuu"
"2017-08-15","Morogoro","Kilombero","Morogoro Region","4551","-7.92","36.99","cereals and tubers","Rice","52","KG","Retail","TZS","1811.1","kiangazi kikuu"
"2017-08-15","Morogoro","Morogoro Urban","Morogoro","89","-6.82","37.67","cereals and tubers","Rice","52","100 KG","Wholesale","TZS","168000","kiangazi kikuu"
"2017-08-15","Morogoro","Morogoro Urban","Morogoro","89","-6.82","37.67","pulses and nuts","Beans","50","100 KG","Wholesale","TZS","180500","kiangazi kikuu"
"2017-09-15","Morogoro","Kilombero","Morogoro Region","4551","-7.92","36.99","cereals and tubers","Rice","52","KG","Retail","TZS","1755.6","kiangazi kikuu"
"2017-09-15","Morogoro","Morogoro Urban","Morogoro","89","-6.82","37.67","cereals and tubers","Rice","52","100 KG","Wholesale","TZS","153333.33","kiangazi kikuu"
"2017-09-15","Morogoro","Morogoro Urban","Morogoro","89","-6.82","37.67","pulses and nuts","Beans","50","100 KG","Wholesale","TZS","179444.44","kiangazi kikuu"
"2017-10-15","Morogoro","Kilombero","Morogoro Region","4551","-7.92","36.99","cereals and tubers","Rice","52","KG","Retail","TZS","1755.6","kiangazi kikuu"
"2017-10-15","Morogoro","Morogoro Urban","Morogoro","89","-6.82","37.67","cereals and tubers","Rice","52","100 KG","Wholesale","TZS","170000","kiangazi kikuu"
"2017-11-15","Morogoro","Kilombero","Morogoro Region","4551","-7.92","36.99","cereals and tubers","Rice","52","KG","Retail","TZS","1844.4","vuli"
"2017-11-15","Morogoro","Morogoro Urban","Morogoro","89","-6.82","37.67","cereals and tubers","Rice","52","100 KG","Wholesale","TZS","172500","vuli"
"2017-11-15","Morogoro","Morogoro Urban","Morogoro","89","-6.82","37.67","pulses and nuts","Beans","50","100 KG","Wholesale","TZS","187500","vuli"
"2017-12-15","Morogoro","Kilombero","Morogoro Region","4551","-7.92","36.99","cereals and tubers","Rice","52","KG","Retail","TZS","1844.4","vuli"
"2018-01-15","Morogoro","Kilombero","Morogoro Region","4551","-7.92","36.99","cereals and tubers","Rice","52","KG","Retail","TZS","1877.8","kiangazi kifupi"
"2018-02-15","Morogoro","Kilombero","Morogoro Region","4551","-7.92","36.99","cereals and tubers","Rice","52","KG","Retail","TZS","1877.8","kiangazi kifupi"
"2018-02-15","Morogoro","Morogoro Urban","Morogoro","89","-6.82","37.67","cereals and tubers","Rice","52","100 KG","Wholesale","TZS","183125","kiangazi kifupi"
"2018-02-15","Morogoro","Morogoro Urban","Morogoro","89","-6.82","37.67","pulses and nuts","Beans","50","100 KG","Wholesale","TZS","178437.5","kiangazi kifupi"
"2018-03-15","Morogoro","Kilombero","Morogoro Region","4551","-7.92","36.99","cereals and tubers","Rice","52","KG","Retail","TZS","1911.1","masika"
"2018-03-15","Morogoro","Morogoro Urban","Morogoro","89","-6.82","37.67","cereals and tubers","Rice","52","100 KG","Wholesale","TZS","199444.44","masika"
"2018-03-15","Morogoro","Morogoro Urban","Morogoro","89","-6.82","37.67","pulses and nuts","Beans","50","100 KG","Wholesale","TZS","183888.89","masika"
"2018-04-15","Morogoro","Kilombero","Morogoro Region","4551","-7.92","36.99","cereals and tubers","Rice","52","KG","Retail","TZS","1911.1","masika"
"2018-04-15","Morogoro","Morogoro Urban","Morogoro","89","-6.82","37.67","cereals and tubers","Rice","52","100 KG","Wholesale","TZS","195000","masika"
"2018-04-15","Morogoro","Morogoro Urban","Morogoro","89","-6.82","37.67","pulses and nuts","Beans","50","100 KG","Wholesale","TZS","185000","masika"
"2018-05-15","Morogoro","Kilombero","Morogoro Region","4551","-7.92","36.99","cereals and tubers","Rice","52","KG","Retail","TZS","1911.1","masika"
"2018-05-15","Morogoro","Morogoro Urban","Morogoro","89","-6.82","37.67","cereals and tubers","Rice","52","100 KG","Wholesale","TZS","190000","masika"
"2018-05-15","Morogoro","Morogoro Urban","Morogoro","89","-6.82","37.67","pulses and nuts","Beans","50","100 KG","Wholesale","TZS","195000","masika"
"2018-06-15","Morogoro","Kilombero","Morogoro Region","4551","-7.92","36.99","cereals and tubers","Rice","52","KG","Retail","TZS","1855.6","kiangazi kikuu"
"2018-06-15","Morogoro","Morogoro Urban","Morogoro","89","-6.82","37.67","cereals and tubers","Rice","52","100 KG","Wholesale","TZS","194166.67","kiangazi kikuu"
"2018-06-15","Morogoro","Morogoro Urban","Morogoro","89","-6.82","37.67","pulses and nuts","Beans","50","100 KG","Wholesale","TZS","195000","kiangazi kikuu"
"2018-07-15","Morogoro","Kilombero","Morogoro Region","4551","-7.92","36.99","cereals and tubers","Rice","52","KG","Retail","TZS","1844.4","kiangazi kikuu"
"2018-07-15","Morogoro","Morogoro Urban","Morogoro","89","-6.82","37.67","cereals and tubers","Rice","52","100 KG","Wholesale","TZS","181666.67","kiangazi kikuu"
"2018-07-15","Morogoro","Morogoro Urban","Morogoro","89","-6.82","37.67","pulses and nuts","Beans","50","100 KG","Wholesale","TZS","188333.33","kiangazi kikuu"
"2018-08-15","Morogoro","Kilombero","Morogoro Region","4551","-7.92","36.99","cereals and tubers","Rice","52","KG","Retail","TZS","1788.9","kiangazi kikuu"
"2018-08-15","Morogoro","Morogoro Urban","Morogoro","89","-6.82","37.67","cereals and tubers","Rice","52","100 KG","Wholesale","TZS","155000","kiangazi kikuu"
"2018-08-15","Morogoro","Morogoro Urban","Morogoro","89","-6.82","37.67","pulses and nuts","Beans","50","100 KG","Wholesale","TZS","175000","kiangazi kikuu"
"2018-09-15","Morogoro","Kilombero","Morogoro Region","4551","-7.92","36.99","cereals and tubers","Rice","52","KG","Retail","TZS","1633.3","kiangazi kikuu"
"2018-09-15","Morogoro","Morogoro Urban","Morogoro","89","-6.82","37.67","cereals and tubers","Rice","52","100 KG","Wholesale","TZS","267272.73","kiangazi kikuu"
"2018-09-15","Morogoro","Morogoro Urban","Morogoro","89","-6.82","37.67","pulses and nuts","Beans","50","100 KG","Wholesale","TZS","170227.27","kiangazi kikuu"
"2018-10-15","Morogoro","Kilombero","Morogoro Region","4551","-7.92","36.99","cereals and tubers","Rice","52","KG","Retail","TZS","1688.9","kiangazi kikuu"
"2018-10-15","Morogoro","Morogoro Urban","Morogoro","89","-6.82","37.67","cereals and tubers","Rice","52","100 KG","Wholesale","TZS","140555.56","kiangazi kikuu"
"2018-10-15","Morogoro","Morogoro Urban","Morogoro","89","-6.82","37.67","pulses and nuts","Beans","50","100 KG","Wholesale","TZS","181388.89","kiangazi kikuu"
"2018-11-15","Morogoro","Kilombero","Morogoro Region","4551","-7.92","36.99","cereals and tubers","Rice","52","KG","Retail","TZS","1744.4","vuli"
"2018-11-15","Morogoro","Morogoro Urban","Morogoro","89","-6.82","37.67","cereals and tubers","Rice","52","100 KG","Wholesale","TZS","147500","vuli"
"2018-11-15","Morogoro","Morogoro Urban","Morogoro","89","-6.82","37.67","pulses and nuts","Beans","50","100 KG","Wholesale","TZS","177272.73","vuli"
"2018-12-15","Morogoro","Kilombero","Morogoro Region","4551","-7.92","36.99","cereals and tubers","Rice","52","KG","Retail","TZS","1722.2","vuli"
"2018-12-15","Morogoro","Morogoro Urban","Morogoro","89","-6.82","37.67","cereals and tubers","Rice","52","100 KG","Wholesale","TZS","146041.67","vuli"
"2018-12-15","Morogoro","Morogoro Urban","Morogoro","89","-6.82","37.67","pulses and nuts","Beans","50","100 KG","Wholesale","TZS","177500","vuli"
"2019-01-15","Morogoro","Kilombero","Morogoro Region","4551","-7.92","36.99","cereals and tubers","Rice","52","KG","Retail","TZS","1733.3","kiangazi kifupi"
"2019-01-15","Morogoro","Morogoro Urban","Morogoro","89","-6.82","37.67","cereals and tubers","Rice","52","100 KG","Wholesale","TZS","148000","kiangazi kifupi"
"2019-01-15","Morogoro","Morogoro Urban","Morogoro","89","-6.82","37.67","pulses and nuts","Beans","50","100 KG","Wholesale","TZS","176000","kiangazi kifupi"
"2019-02-15","Morogoro","Kilombero","Morogoro Region","4551","-7.92","36.99","cereals and tubers","Rice","52","KG","Retail","TZS","1711.1","kiangazi kifupi"
"2019-02-15","Morogoro","Morogoro Urban","Morogoro","89","-6.82","37.67","cereals and tubers","Rice","52","100 KG","Wholesale","TZS","150000","kiangazi kifupi"
"2019-02-15","Morogoro","Morogoro Urban","Morogoro","89","-6.82","37.67","pulses and nuts","Beans","50","100 KG","Wholesale","TZS","177500","kiangazi kifupi"
"2019-03-15","Morogoro","Kilombero","Morogoro Region","4551","-7.92","36.99","cereals and tubers","Rice","52","KG","Retail","TZS","1733.3","masika"
"2019-03-15","Morogoro","Morogoro Urban","Morogoro","89","-6.82","37.67","cereals and tubers","Rice","52","100 KG","Wholesale","TZS","152318.18","masika"
"2019-03-15","Morogoro","Morogoro Urban","Morogoro","89","-6.82","37.67","pulses and nuts","Beans","50","100 KG","Wholesale","TZS","179181.82","masika"
"2019-04-15","Morogoro","Kilombero","Morogoro Region","4551","-7.92","36.99","cereals and tubers","Rice","52","KG","Retail","TZS","1800","masika"
"2019-04-15","Morogoro","Morogoro Urban","Morogoro","89","-6.82","37.67","cereals and tubers","Rice","52","100 KG","Wholesale","TZS","158333.33","masika"
"2019-04-15","Morogoro","Morogoro Urban","Morogoro","89","-6.82","37.67","pulses and nuts","Beans","50","100 KG","Wholesale","TZS","177833.33","masika"
"2019-05-15","Morogoro","Kilombero","Morogoro Region","4551","-7.92","36.99","cereals and tubers","Rice","52","KG","Retail","TZS","1833.3","masika"
"2019-05-15","Morogoro","Morogoro Urban","Morogoro","89","-6.82","37.67","cereals and tubers","Rice","52","100 KG","Wholesale","TZS","160000","masika"
"2019-05-15","Morogoro","Morogoro Urban","Morogoro","89","-6.82","37.67","pulses and nuts","Beans","50","100 KG","Wholesale","TZS","175000","masika"
"2019-06-15","Morogoro","Kilombero","Morogoro Region","4551","-7.92","36.99","cereals and tubers","Rice","52","KG","Retail","TZS","1733.3","kiangazi kikuu"
"2019-06-15","Morogoro","Morogoro Urban","Morogoro","89","-6.82","37.67","cereals and tubers","Rice","52","100 KG","Wholesale","TZS","157777.78","kiangazi kikuu"
"2019-06-15","Morogoro","Morogoro Urban","Morogoro","89","-6.82","37.67","pulses and nuts","Beans","50","100 KG","Wholesale","TZS","175000","kiangazi kikuu"
"2019-07-15","Morogoro","Kilombero","Morogoro Region","4551","-7.92","36.99","cereals and tubers","Rice","52","KG","Retail","TZS","1677.8","kiangazi kikuu"
"2019-07-15","Morogoro","Morogoro Urban","Morogoro","89","-6.82","37.67","cereals and tubers","Rice","52","100 KG","Wholesale","TZS","160000","kiangazi kikuu"
"2019-07-15","Morogoro","Morogoro Urban","Morogoro","89","-6.82","37.67","pulses and nuts","Beans","50","100 KG","Wholesale","TZS","175454.55","kiangazi kikuu"
"2019-08-15","Morogoro","Kilombero","Morogoro Region","4551","-7.92","36.99","cereals and tubers","Rice","52","KG","Retail","TZS","1766.7","kiangazi kikuu"
"2019-08-15","Morogoro","Morogoro Urban","Morogoro","89","-6.82","37.67","cereals and tubers","Rice","52","100 KG","Wholesale","TZS","155454.55","kiangazi kikuu"
"2019-08-15","Morogoro","Morogoro Urban","Morogoro","89","-6.82","37.67","pulses and nuts","Beans","50","100 KG","Wholesale","TZS","173863.64","kiangazi kikuu"
"2019-09-15","Morogoro","Kilombero","Morogoro Region","4551","-7.92","36.99","cereals and tubers","Rice","52","KG","Retail","TZS","1755.6","kiangazi kikuu"
"2019-09-15","Morogoro","Morogoro Urban","Morogoro","89","-6.82","37.67","cereals and tubers","Rice","52","100 KG","Wholesale","TZS","159090.91","kiangazi kikuu"
"2019-09-15","Morogoro","Morogoro Urban","Morogoro","89","-6.82","37.67","pulses and nuts","Beans","50","100 KG","Wholesale","TZS","179090.91","kiangazi kikuu"
"2019-10-15","Morogoro","Kilombero","Morogoro Region","4551","-7.92","36.99","cereals and tubers","Rice","52","KG","Retail","TZS","1844.4","kiangazi kikuu"
"2019-10-15","Morogoro","Morogoro Urban","Morogoro","89","-6.82","37.67","cereals and tubers","Rice","52","100 KG","Wholesale","TZS","163181.82","kiangazi kikuu"
"2019-10-15","Morogoro","Morogoro Urban","Morogoro","89","-6.82","37.67","pulses and nuts","Beans","50","100 KG","Wholesale","TZS","181272.73","kiangazi kikuu"
"2019-11-15","Morogoro","Kilombero","Morogoro Region","4551","-7.92","36.99","cereals and tubers","Rice","52","KG","Retail","TZS","1844.4","vuli"
"2019-11-15","Morogoro","Morogoro Urban","Morogoro","89","-6.82","37.67","cereals and tubers","Rice","52","100 KG","Wholesale","TZS","180937.5","vuli"
"2019-11-15","Morogoro","Morogoro Urban","Morogoro","89","-6.82","37.67","pulses and nuts","Beans","50","100 KG","Wholesale","TZS","188687.5","vuli"
"2019-12-15","Morogoro","Kilombero","Morogoro Region","4551","-7.92","36.99","cereals and tubers","Rice","52","KG","Retail","TZS","1855.6","vuli"
"2019-12-15","Morogoro","Morogoro Urban","Morogoro","89","-6.82","37.67","cereals and tubers","Rice","52","100 KG","Wholesale","TZS","171750","vuli"
"2019-12-15","Morogoro","Morogoro Urban","Morogoro","89","-6.82","37.67","pulses and nuts","Beans","50","100 KG","Wholesale","TZS","191000","vuli"
"2020-01-15","Morogoro","Kilombero","Morogoro Region","4551","-7.92","36.99","cereals and tubers","Rice","52","KG","Retail","TZS","1911.1","kiangazi kifupi"
"2020-01-15","Morogoro","Morogoro Urban","Morogoro","89","-6.82","37.67","cereals and tubers","Rice","52","100 KG","Wholesale","TZS","176136.36","kiangazi kifupi"
"2020-01-15","Morogoro","Morogoro Urban","Morogoro","89","-6.82","37.67","pulses and nuts","Beans","50","100 KG","Wholesale","TZS","196590.91","kiangazi kifupi"
"2020-02-15","Morogoro","Kilombero","Morogoro Region","4551","-7.92","36.99","cereals and tubers","Rice","52","KG","Retail","TZS","1933.3","kiangazi kifupi"
"2020-02-15","Morogoro","Morogoro Urban","Morogoro","89","-6.82","37.67","cereals and tubers","Rice","52","100 KG","Wholesale","TZS","180000","kiangazi kifupi"
"2020-02-15","Morogoro","Morogoro Urban","Morogoro","89","-6.82","37.67","pulses and nuts","Beans","50","100 KG","Wholesale","TZS","265000","kiangazi kifupi"
"2020-03-15","Morogoro","Kilombero","Morogoro Region","4551","-7.92","36.99","cereals and tubers","Rice","52","KG","Retail","TZS","1855.6","masika"
"2020-03-15","Morogoro","Morogoro Urban","Morogoro","89","-6.82","37.67","cereals and tubers","Rice","52","100 KG","Wholesale","TZS","188636.36","masika"
"2020-03-15","Morogoro","Morogoro Urban","Morogoro","89","-6.82","37.67","pulses and nuts","Beans","50","100 KG","Wholesale","TZS","232272.73","masika"
"2020-04-15","Morogoro","Kilombero","Morogoro Region","4551","-7.92","36.99","cereals and tubers","Rice","52","KG","Retail","TZS","1844.4","masika"
"2020-04-15","Morogoro","Morogoro Urban","Morogoro","89","-6.82","37.67","cereals and tubers","Rice","52","100 KG","Wholesale","TZS","190833","masika"
"2020-04-15","Morogoro","Morogoro Urban","Morogoro","89","-6.82","37.67","pulses and nuts","Beans","50","100 KG","Wholesale","TZS","195000","masika"
"2020-05-15","Morogoro","Kilombero","Morogoro Region","4551","-7.92","36.99","cereals and tubers","Rice","52","KG","Retail","TZS","1811.1","masika"
"2020-05-15","Morogoro","Morogoro Urban","Morogoro","89","-6.82","37.67","cereals and tubers","Rice","52","100 KG","Wholesale","TZS","185714","masika"
"2020-05-15","Morogoro","Morogoro Urban","Morogoro","89","-6.82","37.67","pulses and nuts","Beans","50","100 KG","Wholesale","TZS","195000","masika"
"2020-06-15","Morogoro","Kilombero","Morogoro Region","4551","-7.92","36.99","cereals and tubers","Rice","52","KG","Retail","TZS","1755.6","kiangazi kikuu"
"2020-06-15","Morogoro","Morogoro Urban","Morogoro","89","-6.82","37.67","cereals and tubers","Rice","52","100 KG","Wholesale","TZS","170000","kiangazi kikuu"
"2020-06-15","Morogoro","Morogoro Urban","Morogoro","89","-6.82","37.67","pulses and nuts","Beans","50","100 KG","Wholesale","TZS","190000","kiangazi kikuu"
"2020-07-15","Morogoro","Kilombero","Morogoro Region","4551","-7.92","36.99","cereals and tubers","Rice","52","KG","Retail","TZS","1733.3","kiangazi kikuu"
"2020-07-15","Morogoro","Morogoro Urban","Morogoro","89","-6.82","37.67","cereals and tubers","Rice","52","100 KG","Wholesale","TZS","164375","kiangazi kikuu"
"2020-07-15","Morogoro","Morogoro Urban","Morogoro","89","-6.82","37.67","pulses and nuts","Beans","50","100 KG","Wholesale","TZS","186250","kiangazi kikuu"
"2020-08-15","Morogoro","Kilombero","Morogoro Region","4551","-7.92","36.99","cereals and tubers","Rice","52","KG","Retail","TZS","1688.9","kiangazi kikuu"
"2020-08-15","Morogoro","Morogoro Urban","Morogoro","89","-6.82","37.67","cereals and tubers","Rice","52","100 KG","Wholesale","TZS","145000","kiangazi kikuu"
"2020-08-15","Morogoro","Morogoro Urban","Morogoro","89","-6.82","37.67","pulses and nuts","Beans","50","100 KG","Wholesale","TZS","175000","kiangazi kikuu"
"2020-09-15","Morogoro","Kilombero","Morogoro Region","4551","-7.92","36.99","cereals and tubers","Rice","52","KG","Retail","TZS","1744.4","kiangazi kikuu"
"2020-09-15","Morogoro","Morogoro Urban","Morogoro","89","-6.82","37.67","cereals and tubers","Rice","52","100 KG","Wholesale","TZS","135000","kiangazi kikuu"
"2020-09-15","Morogoro","Morogoro Urban","Morogoro","89","-6.82","37.67","pulses and nuts","Beans","50","100 KG","Wholesale","TZS","170000","kiangazi kikuu"
"2020-10-15","Morogoro","Kilombero","Morogoro Region","4551","-7.92","36.99","cereals and tubers","Rice","52","KG","Retail","TZS","1655.6","kiangazi kikuu"
"2020-10-15","Morogoro","Morogoro Urban","Morogoro","89","-6.82","37.67","cereals and tubers","Rice","52","100 KG","Wholesale","TZS","135000","kiangazi kikuu"
"2020-10-15","Morogoro","Morogoro Urban","Morogoro","89","-6.82","37.67","pulses and nuts","Beans","50","100 KG","Wholesale","TZS","181250","kiangazi kikuu"
"2020-11-15","Morogoro","Kilombero","Morogoro Region","4551","-7.92","36.99","cereals and tubers","Rice","52","KG","Retail","TZS","1655.6","vuli"
"2020-11-15","Morogoro","Morogoro Urban","Morogoro","89","-6.82","37.67","cereals and tubers","Rice","52","100 KG","Wholesale","TZS","167500","vuli"
"2020-11-15","Morogoro","Morogoro Urban","Morogoro","89","-6.82","37.67","pulses and nuts","Beans","50","100 KG","Wholesale","TZS","202500","vuli"
"2020-12-15","Morogoro","Kilombero","Morogoro Region","4551","-7.92","36.99","cereals and tubers","Rice","52","KG","Retail","TZS","1766.7","vuli"
"2020-12-15","Morogoro","Morogoro Urban","Morogoro","89","-6.82","37.67","cereals and tubers","Rice","52","100 KG","Wholesale","TZS","163750","vuli"
"2020-12-15","Morogoro","Morogoro Urban","Morogoro","89","-6.82","37.67","pulses and nuts","Beans","50","100 KG","Wholesale","TZS","210625","vuli"
"2021-01-15","Morogoro","Kilombero","Morogoro Region","4551","-7.92","36.99","cereals and tubers","Rice","52","KG","Retail","TZS","1721.8","kiangazi kifupi"
"2021-01-15","Morogoro","Morogoro Urban","Morogoro","89","-6.82","37.67","cereals and tubers","Rice","52","100 KG","Wholesale","TZS","151667","kiangazi kifupi"
"2021-01-15","Morogoro","Morogoro Urban","Morogoro","89","-6.82","37.67","pulses and nuts","Beans","50","100 KG","Wholesale","TZS","213333","kiangazi kifupi"
"2021-02-15","Morogoro","Kilombero","Morogoro Region","4551","-7.92","36.99","cereals and tubers","Rice","52","KG","Retail","TZS","1699","kiangazi kifupi"
"2021-02-15","Morogoro","Morogoro Urban","Morogoro","89","-6.82","37.67","cereals and tubers","Rice","52","100 KG","Wholesale","TZS","130000","kiangazi kifupi"
"2021-02-15","Morogoro","Morogoro Urban","Morogoro","89","-6.82","37.67","pulses and nuts","Beans","50","100 KG","Wholesale","TZS","215000","kiangazi kifupi"
"2021-03-15","Morogoro","Kilombero","Morogoro Region","4551","-7.92","36.99","cereals and tubers","Rice","52","KG","Retail","TZS","1699","masika"
"2021-04-15","Morogoro","Kilombero","Morogoro Region","4551","-7.92","36.99","cereals and tubers","Rice","52","KG","Retail","TZS","1699","masika"
"2021-04-15","Morogoro","Morogoro Urban","Morogoro","89","-6.82","37.67","cereals and tubers","Rice","52","100 KG","Wholesale","TZS","137917","masika"
"2021-04-15","Morogoro","Morogoro Urban","Morogoro","89","-6.82","37.67","pulses and nuts","Beans","50","100 KG","Wholesale","TZS","192500","masika"
"2021-05-15","Morogoro","Kilombero","Morogoro Region","4551","-7.92","36.99","cereals and tubers","Rice","52","KG","Retail","TZS","1709.6","masika"
"2021-05-15","Morogoro","Morogoro Urban","Morogoro","89","-6.82","37.67","cereals and tubers","Rice","52","100 KG","Wholesale","TZS","126667","masika"
"2021-05-15","Morogoro","Morogoro Urban","Morogoro","89","-6.82","37.67","pulses and nuts","Beans","50","100 KG","Wholesale","TZS","189167","masika"
"2021-06-15","Morogoro","Kilombero","Morogoro Region","4551","-7.92","36.99","cereals and tubers","Rice","52","KG","Retail","TZS","1699","kiangazi kikuu"
"2021-06-15","Morogoro","Morogoro Urban","Morogoro","89","-6.82","37.67","cereals and tubers","Rice","52","100 KG","Wholesale","TZS","128000","kiangazi kikuu"
"2021-06-15","Morogoro","Morogoro Urban","Morogoro","89","-6.82","37.67","pulses and nuts","Beans","50","100 KG","Wholesale","TZS","187500","kiangazi kikuu"
"2021-07-15","Morogoro","Kilombero","Morogoro Region","4551","-7.92","36.99","cereals and tubers","Rice","52","KG","Retail","TZS","1687.8","kiangazi kikuu"
"2021-07-15","Morogoro","Morogoro Urban","Morogoro","89","-6.82","37.67","cereals and tubers","Rice","52","100 KG","Wholesale","TZS","157222","kiangazi kikuu"
"2021-07-15","Morogoro","Morogoro Urban","Morogoro","89","-6.82","37.67","pulses and nuts","Beans","50","100 KG","Wholesale","TZS","180833","kiangazi kikuu"
"2021-08-15","Morogoro","Kilombero","Morogoro Region","4551","-7.92","36.99","cereals and tubers","Rice","52","KG","Retail","TZS","1654.7","kiangazi kikuu"
"2021-08-15","Morogoro","Morogoro Urban","Morogoro","89","-6.82","37.67","cereals and tubers","Rice","52","100 KG","Wholesale","TZS","142500","kiangazi kikuu"
"2021-08-15","Morogoro","Morogoro Urban","Morogoro","89","-6.82","37.67","pulses and nuts","Beans","50","100 KG","Wholesale","TZS","182000","kiangazi kikuu"
"2021-09-15","Morogoro","Kilombero","Morogoro Region","4551","-7.92","36.99","cereals and tubers","Rice","52","KG","Retail","TZS","1710.2","kiangazi kikuu"
"2021-09-15","Morogoro","Morogoro Urban","Morogoro","89","-6.82","37.67","cereals and tubers","Rice","52","100 KG","Wholesale","TZS","167273","kiangazi kikuu"
"2021-09-15","Morogoro","Morogoro Urban","Morogoro","89","-6.82","37.67","pulses and nuts","Beans","50","100 KG","Wholesale","TZS","180455","kiangazi kikuu"
"2021-10-15","Morogoro","Kilombero","Morogoro Region","4551","-7.92","36.99","cereals and tubers","Rice","52","KG","Retail","TZS","1675.4","kiangazi kikuu"
"2021-10-15","Morogoro","Morogoro Urban","Morogoro","89","-6.82","37.67","cereals and tubers","Rice","52","100 KG","Wholesale","TZS","175000","kiangazi kikuu"
"2021-10-15","Morogoro","Morogoro Urban","Morogoro","89","-6.82","37.67","pulses and nuts","Beans","50","100 KG","Wholesale","TZS","180000","kiangazi kikuu"
"2021-11-15","Morogoro","Kilombero","Morogoro Region","4551","-7.92","36.99","cereals and tubers","Rice","52","KG","Retail","TZS","1687.2","vuli"
"2021-11-15","Morogoro","Morogoro Urban","Morogoro","89","-6.82","37.67","cereals and tubers","Rice","52","100 KG","Wholesale","TZS","171667","vuli"
"2021-11-15","Morogoro","Morogoro Urban","Morogoro","89","-6.82","37.67","pulses and nuts","Beans","50","100 KG","Wholesale","TZS","185000","vuli"
"2021-12-15","Morogoro","Kilombero","Morogoro Region","4551","-7.92","36.99","cereals and tubers","Rice","52","KG","Retail","TZS","1808.4","vuli"
"2021-12-15","Morogoro","Morogoro Urban","Morogoro","89","-6.82","37.67","cereals and tubers","Rice","52","100 KG","Wholesale","TZS","171667","vuli"
"2021-12-15","Morogoro","Morogoro Urban","Morogoro","89","-6.82","37.67","pulses and nuts","Beans","50","100 KG","Wholesale","TZS","191250","vuli"
"2022-01-15","Morogoro","Kilombero","Morogoro Region","4551","-7.92","36.99","cereals and tubers","Rice","52","KG","Retail","TZS","1829.6","kiangazi kifupi"
"2022-01-15","Morogoro","Morogoro Urban","Morogoro","89","-6.82","37.67","cereals and tubers","Rice","52","100 KG","Wholesale","TZS","186250","kiangazi kifupi"
"2022-01-15","Morogoro","Morogoro Urban","Morogoro","89","-6.82","37.67","pulses and nuts","Beans","50","100 KG","Wholesale","TZS","192500","kiangazi kifupi"
"2022-02-15","Morogoro","Kilombero","Morogoro Region","4551","-7.92","36.99","cereals and tubers","Rice","52","KG","Retail","TZS","2087.7","kiangazi kifupi"
"2022-02-15","Morogoro","Morogoro Urban","Morogoro","89","-6.82","37.67","cereals and tubers","Rice","52","100 KG","Wholesale","TZS","171818","kiangazi kifupi"
"2022-02-15","Morogoro","Morogoro Urban","Morogoro","89","-6.82","37.67","pulses and nuts","Beans","50","100 KG","Wholesale","TZS","188182","kiangazi kifupi"
"2022-03-15","Morogoro","Kilombero","Morogoro Region","4551","-7.92","36.99","cereals and tubers","Rice","52","KG","Retail","TZS","2143","masika"
"2022-03-15","Morogoro","Morogoro Urban","Morogoro","89","-6.82","37.67","cereals and tubers","Rice","52","100 KG","Wholesale","TZS","193708","masika"
"2022-03-15","Morogoro","Morogoro Urban","Morogoro","89","-6.82","37.67","pulses and nuts","Beans","50","100 KG","Wholesale","TZS","197917","masika"
"2022-04-15","Morogoro","Kilombero","Morogoro Region","4551","-7.92","36.99","cereals and tubers","Rice","52","KG","Retail","TZS","2153.8","masika"
"2022-04-15","Morogoro","Morogoro Urban","Morogoro","89","-6.82","37.67","cereals and tubers","Rice","52","100 KG","Wholesale","TZS","207800","masika"
"2022-04-15","Morogoro","Morogoro Urban","Morogoro","89","-6.82","37.67","pulses and nuts","Beans","50","100 KG","Wholesale","TZS","202800","masika"
"2022-05-15","Morogoro","Morogoro Urban","Morogoro","89","-6.82","37.67","cereals and tubers","Rice","52","100 KG","Wholesale","TZS","214800","masika"
"2022-05-15","Morogoro","Morogoro Urban","Morogoro","89","-6.82","37.67","pulses and nuts","Beans","50","100 KG","Wholesale","TZS","193750","masika"
"2022-06-15","Morogoro","Morogoro Urban","Morogoro","89","-6.82","37.67","cereals and tubers","Rice","52","100 KG","Wholesale","TZS","223750","kiangazi kikuu"
"2022-06-15","Morogoro","Morogoro Urban","Morogoro","89","-6.82","37.67","pulses and nuts","Beans","50","100 KG","Wholesale","TZS","189375","kiangazi kikuu"
"2022-07-15","Morogoro","Morogoro Urban","Morogoro","89","-6.82","37.67","cereals and tubers","Rice","52","100 KG","Wholesale","TZS","225000","kiangazi kikuu"
"2022-07-15","Morogoro","Morogoro Urban","Morogoro","89","-6.82","37.67","pulses and nuts","Beans","50","100 KG","Wholesale","TZS","203636","kiangazi kikuu"
"2022-08-15","Morogoro","Morogoro Urban","Morogoro","89","-6.82","37.67","cereals and tubers","Rice","52","100 KG","Wholesale","TZS","217500","kiangazi kikuu"
"2022-08-15","Morogoro","Morogoro Urban","Morogoro","89","-6.82","37.67","pulses and nuts","Beans","50","100 KG","Wholesale","TZS","223000","kiangazi kikuu"
"2022-09-15","Morogoro","Kilombero","Morogoro Region","4551","-7.92","36.99","cereals and tubers","Rice","52","KG","Retail","TZS","2233","kiangazi kikuu"
"2022-09-15","Morogoro","Morogoro Urban","Morogoro","89","-6.82","37.67","cereals and tubers","Rice","52","100 KG","Wholesale","TZS","260000","kiangazi kikuu"
"2022-09-15","Morogoro","Morogoro Urban","Morogoro","89","-6.82","37.67","pulses and nuts","Beans","50","100 KG","Wholesale","TZS","265000","kiangazi kikuu"
"2022-10-15","Morogoro","Kilombero","Morogoro Region","4551","-7.92","36.99","cereals and tubers","Rice","52","KG","Retail","TZS","2376","kiangazi kikuu"
"2022-10-15","Morogoro","Morogoro Urban","Morogoro","89","-6.82","37.67","cereals and tubers","Rice","52","100 KG","Wholesale","TZS","272500","kiangazi kikuu"
"2022-10-15","Morogoro","Morogoro Urban","Morogoro","89","-6.82","37.67","pulses and nuts","Beans","50","100 KG","Wholesale","TZS","275500","kiangazi kikuu"
"2022-11-15","Morogoro","Kilombero","Morogoro Region","4551","-7.92","36.99","cereals and tubers","Rice","52","KG","Retail","TZS","2554","vuli"
"2022-11-15","Morogoro","Morogoro Urban","Morogoro","89","-6.82","37.67","cereals and tubers","Rice","52","100 KG","Wholesale","TZS","270000","vuli"
"2022-11-15","Morogoro","Morogoro Urban","Morogoro","89","-6.82","37.67","pulses and nuts","Beans","50","100 KG","Wholesale","TZS","280000","vuli"
"2022-12-15","Morogoro","Kilombero","Morogoro Region","4551","-7.92","36.99","cereals and tubers","Rice","52","KG","Retail","TZS","2810","vuli"
"2022-12-15","Morogoro","Morogoro Urban","Morogoro","89","-6.82","37.67","cereals and tubers","Rice","52","100 KG","Wholesale","TZS","265750","vuli"
"2022-12-15","Morogoro","Morogoro Urban","Morogoro","89","-6.82","37.67","pulses and nuts","Beans","50","100 KG","Wholesale","TZS","280750","vuli"
"2023-01-15","Morogoro","Morogoro Urban","Morogoro","89","-6.82","37.67","cereals and tubers","Rice","52","100 KG","Wholesale","TZS","306607","kiangazi kifupi"
"2023-01-15","Morogoro","Morogoro Urban","Morogoro","89","-6.82","37.67","pulses and nuts","Beans","50","100 KG","Wholesale","TZS","298750","kiangazi kifupi"
"2023-02-15","Morogoro","Morogoro Urban","Morogoro","89","-6.82","37.67","cereals and tubers","Rice","52","100 KG","Wholesale","TZS","299091","kiangazi kifupi"
"2023-02-15","Morogoro","Morogoro Urban","Morogoro","89","-6.82","37.67","pulses and nuts","Beans","50","100 KG","Wholesale","TZS","311667","kiangazi kifupi"
"2023-03-15","Morogoro","Morogoro Urban","Morogoro","89","-6.82","37.67","cereals and tubers","Rice","52","100 KG","Wholesale","TZS","289231","masika"
"2023-03-15","Morogoro","Morogoro Urban","Morogoro","89","-6.82","37.67","pulses and nuts","Beans","50","100 KG","Wholesale","TZS","306731","masika"
"2023-04-15","Morogoro","Morogoro Urban","Morogoro","89","-6.82","37.67","cereals and tubers","Rice","52","100 KG","Wholesale","TZS","280000","masika"
"2023-04-15","Morogoro","Morogoro Urban","Morogoro","89","-6.82","37.67","pulses and nuts","Beans","50","100 KG","Wholesale","TZS","267500","masika"
"2023-05-15","Morogoro","Morogoro Urban","Morogoro","89","-6.82","37.67","cereals and tubers","Rice","52","100 KG","Wholesale","TZS","286000","masika"
"2023-05-15","Morogoro","Morogoro Urban","Morogoro","89","-6.82","37.67","pulses and nuts","Beans","50","100 KG","Wholesale","TZS","265000","masika"
"2023-06-15","Morogoro","Morogoro Urban","Morogoro","89","-6.82","37.67","cereals and tubers","Rice","52","100 KG","Wholesale","TZS","287000","kiangazi kikuu"
"2023-06-15","Morogoro","Morogoro Urban","Morogoro","89","-6.82","37.67","pulses and nuts","Beans","50","100 KG","Wholesale","TZS","312500","kiangazi kikuu"
"2023-07-15","Morogoro","Morogoro Urban","Morogoro","89","-6.82","37.67","cereals and tubers","Rice","52","100 KG","Wholesale","TZS","310556","kiangazi kikuu"
"2023-07-15","Morogoro","Morogoro Urban","Morogoro","89","-6.82","37.67","pulses and nuts","Beans","50","100 KG","Wholesale","TZS","263056","kiangazi kikuu"
"2023-08-15","Morogoro","Morogoro Urban","Morogoro","89","-6.82","37.67","cereals and tubers","Rice","52","100 KG","Wholesale","TZS","263636","kiangazi kikuu"
"2023-08-15","Morogoro","Morogoro Urban","Morogoro","89","-6.82","37.67","pulses and nuts","Beans","50","100 KG","Wholesale","TZS","252727","kiangazi kikuu"
"2023-10-15","Morogoro","Morogoro Urban","Morogoro","89","-6.82","37.67","cereals and tubers","Rice","52","100 KG","Wholesale","TZS","301538","kiangazi kikuu"
"2023-10-15","Morogoro","Morogoro Urban","Morogoro","89","-6.82","37.67","pulses and nuts","Beans","50","100 KG","Wholesale","TZS","291538","kiangazi kikuu"
"2023-11-15","Morogoro","Morogoro Urban","Morogoro","89","-6.82","37.67","cereals and tubers","Rice","52","100 KG","Wholesale","TZS","330000","vuli"
"2023-11-15","Morogoro","Morogoro Urban","Morogoro","89","-6.82","37.67","pulses and nuts","Beans","50","100 KG","Wholesale","TZS","303077","vuli"
"2023-12-15","Morogoro","Morogoro Urban","Morogoro","89","-6.82","37.67","cereals and tubers","Rice","52","100 KG","Wholesale","TZS","285500","vuli"
"2023-12-15","Morogoro","Morogoro Urban","Morogoro","89","-6.82","37.67","pulses and nuts","Beans","50","100 KG","Wholesale","TZS","293000","vuli"
"2024-01-15","Morogoro","Morogoro Urban","Morogoro","89","-6.82","37.67","cereals and tubers","Rice","52","100 KG","Wholesale","TZS","215000","kiangazi kifupi"
"2024-01-15","Morogoro","Morogoro Urban","Morogoro","89","-6.82","37.67","pulses and nuts","Beans","50","100 KG","Wholesale","TZS","285833","kiangazi kifupi"
"2024-02-15","Morogoro","Morogoro Urban","Morogoro","89","-6.82","37.67","cereals and tubers","Rice","52","100 KG","Wholesale","TZS","248750","kiangazi kifupi"
"2024-02-15","Morogoro","Morogoro Urban","Morogoro","89","-6.82","37.67","pulses and nuts","Beans","50","100 KG","Wholesale","TZS","277500","kiangazi kifupi"
"2024-03-15","Morogoro","Morogoro Urban","Morogoro","89","-6.82","37.67","cereals and tubers","Rice","52","100 KG","Wholesale","TZS","260000","masika"
"2024-03-15","Morogoro","Morogoro Urban","Morogoro","89","-6.82","37.67","pulses and nuts","Beans","50","100 KG","Wholesale","TZS","265909","masika"
"2024-04-15","Morogoro","Morogoro Urban","Morogoro","89","-6.82","37.67","cereals and tubers","Rice","52","100 KG","Wholesale","TZS","270000","masika"
"2024-04-15","Morogoro","Morogoro Urban","Morogoro","89","-6.82","37.67","pulses and nuts","Beans","50","100 KG","Wholesale","TZS","241500","masika"
"2024-05-15","Morogoro","Morogoro Urban","Morogoro","89","-6.82","37.67","cereals and tubers","Rice","52","100 KG","Wholesale","TZS","280000","masika"
"2024-05-15","Morogoro","Morogoro Urban","Morogoro","89","-6.82","37.67","pulses and nuts","Beans","50","100 KG","Wholesale","TZS","328462","masika"
"2024-06-15","Morogoro","Morogoro Urban","Morogoro","89","-6.82","37.67","cereals and tubers","Rice","52","100 KG","Wholesale","TZS","266818","kiangazi kikuu"
"2024-06-15","Morogoro","Morogoro Urban","Morogoro","89","-6.82","37.67","pulses and nuts","Beans","50","100 KG","Wholesale","TZS","271818","kiangazi kikuu"
"2024-07-15","Morogoro","Morogoro Urban","Morogoro","89","-6.82","37.67","cereals and tubers","Rice","52","100 KG","Wholesale","TZS","201000","kiangazi kikuu"
"2024-07-15","Morogoro","Morogoro Urban","Morogoro","89","-6.82","37.67","pulses and nuts","Beans","50","100 KG","Wholesale","TZS","281667","kiangazi kikuu"
"2024-08-15","Morogoro","Morogoro Urban","Morogoro","89","-6.82","37.67","cereals and tubers","Rice","52","100 KG","Wholesale","TZS","165000","kiangazi kikuu"
"2024-08-15","Morogoro","Morogoro Urban","Morogoro","89","-6.82","37.67","pulses and nuts","Beans","50","100 KG","Wholesale","TZS","284000","kiangazi kikuu"
"2024-09-15","Morogoro","Morogoro Urban","Morogoro","89","-6.82","37.67","cereals and tubers","Rice","52","100 KG","Wholesale","TZS","165000","kiangazi kikuu"
"2024-09-15","Morogoro","Morogoro Urban","Morogoro","89","-6.82","37.67","pulses and nuts","Beans","50","100 KG","Wholesale","TZS","275769","kiangazi kikuu"
"2024-10-15","Morogoro","Morogoro Urban","Morogoro","89","-6.82","37.67","cereals and tubers","Rice","52","100 KG","Wholesale","TZS","162500","kiangazi kikuu"
"2024-10-15","Morogoro","Morogoro Urban","Morogoro","89","-6.82","37.67","pulses and nuts","Beans","50","100 KG","Wholesale","TZS","275000","kiangazi kikuu"
"2024-11-15","Morogoro","Morogoro Urban","Morogoro","89","-6.82","37.67","cereals and tubers","Rice","52","100 KG","Wholesale","TZS","192083","vuli"
"2024-11-15","Morogoro","Morogoro Urban","Morogoro","89","-6.82","37.67","pulses and nuts","Beans","50","100 KG","Wholesale","TZS","275000","vuli"
"2024-12-15","Morogoro","Morogoro Urban","Morogoro","89","-6.82","37.67","cereals and tubers","Rice","52","100 KG","Wholesale","TZS","216667","vuli"
"2024-12-15","Morogoro","Morogoro Urban","Morogoro","89","-6.82","37.67","pulses and nuts","Beans","50","100 KG","Wholesale","TZS","283889","vuli"
"2025-01-15","Morogoro","Morogoro Urban","Morogoro","89","-6.82","37.67","cereals and tubers","Rice","52","100 KG","Wholesale","TZS","171667","kiangazi kifupi"
"2025-01-15","Morogoro","Morogoro Urban","Morogoro","89","-6.82","37.67","pulses and nuts","Beans","50","100 KG","Wholesale","TZS","300000","kiangazi kifupi"
"2025-02-15","Morogoro","Morogoro Urban","Morogoro","89","-6.82","37.67","cereals and tubers","Rice","52","100 KG","Wholesale","TZS","180000","kiangazi kifupi"
"2025-02-15","Morogoro","Morogoro Urban","Morogoro","89","-6.82","37.67","pulses and nuts","Beans","50","100 KG","Wholesale","TZS","278333","kiangazi kifupi"
"2025-03-15","Morogoro","Morogoro Urban","Morogoro","89","-6.82","37.67","cereals and tubers","Rice","52","100 KG","Wholesale","TZS","273636","masika"
"2025-03-15","Morogoro","Morogoro Urban","Morogoro","89","-6.82","37.67","pulses and nuts","Beans","50","100 KG","Wholesale","TZS","264091","masika"
"2025-04-15","Morogoro","Morogoro Urban","Morogoro","89","-6.82","37.67","cereals and tubers","Rice","52","100 KG","Wholesale","TZS","244286","masika"
"2025-04-15","Morogoro","Morogoro Urban","Morogoro","89","-6.82","37.67","pulses and nuts","Beans","50","100 KG","Wholesale","TZS","280714","masika"
"2025-05-15","Morogoro","Morogoro Urban","Morogoro","89","-6.82","37.67","cereals and tubers","Rice","52","100 KG","Wholesale","TZS","190000","masika"
"2025-05-15","Morogoro","Morogoro Urban","Morogoro","89","-6.82","37.67","pulses and nuts","Beans","50","100 KG","Wholesale","TZS","305000","masika"
"2025-06-15","Morogoro","Morogoro Urban","Morogoro","89","-6.82","37.67","cereals and tubers","Rice","52","100 KG","Wholesale","TZS","170909","kiangazi kikuu"
"2025-06-15","Morogoro","Morogoro Urban","Morogoro","89","-6.82","37.67","pulses and nuts","Beans","50","100 KG","Wholesale","TZS","278636","kiangazi kikuu"
"2025-07-15","Morogoro","Morogoro Urban","Morogoro","89","-6.82","37.67","cereals and tubers","Rice","52","100 KG","Wholesale","TZS","185000","kiangazi kikuu"
"2025-07-15","Morogoro","Morogoro Urban","Morogoro","89","-6.82","37.67","pulses and nuts","Beans","50","100 KG","Wholesale","TZS","246000","kiangazi kikuu"
"2025-08-15","Morogoro","Morogoro Urban","Morogoro","89","-6.82","37.67","cereals and tubers","Rice","52","100 KG","Wholesale","TZS","221667","kiangazi kikuu"
"2025-08-15","Morogoro","Morogoro Urban","Morogoro","89","-6.82","37.67","pulses and nuts","Beans","50","100 KG","Wholesale","TZS","222083","kiangazi kikuu"
"2025-09-15","Morogoro","Morogoro Urban","Morogoro","89","-6.82","37.67","cereals and tubers","Rice","52","100 KG","Wholesale","TZS","230000","kiangazi kikuu"
"2025-09-15","Morogoro","Morogoro Urban","Morogoro","89","-6.82","37.67","pulses and nuts","Beans","50","100 KG","Wholesale","TZS","220000","kiangazi kikuu"
"2025-10-15","Morogoro","Morogoro Urban","Morogoro","89","-6.82","37.67","cereals and tubers","Rice","52","100 KG","Wholesale","TZS","228000","kiangazi kikuu"
"2025-10-15","Morogoro","Morogoro Urban","Morogoro","89","-6.82","37.67","pulses and nuts","Beans","50","100 KG","Wholesale","TZS","228000","kiangazi kikuu"
"2025-11-15","Morogoro","Morogoro Urban","Morogoro","89","-6.82","37.67","cereals and tubers","Rice","52","100 KG","Wholesale","TZS","223636","vuli"
"2025-11-15","Morogoro","Morogoro Urban","Morogoro","89","-6.82","37.67","pulses and nuts","Beans","50","100 KG","Wholesale","TZS","238182","vuli"
"2025-12-15","Morogoro","Morogoro Urban","Morogoro","89","-6.82","37.67","cereals and tubers","Rice","52","100 KG","Wholesale","TZS","255000","vuli"
"2025-12-15","Morogoro","Morogoro Urban","Morogoro","89","-6.82","37.67","pulses and nuts","Beans","50","100 KG","Wholesale","TZS","255500","vuli"
"2026-01-15","Morogoro","Morogoro Urban","Morogoro","89","-6.82","37.67","cereals and tubers","Rice","52","100 KG","Wholesale","TZS","267727","kiangazi kifupi"
"2026-01-15","Morogoro","Morogoro Urban","Morogoro","89","-6.82","37.67","pulses and nuts","Beans","50","100 KG","Wholesale","TZS","262727","kiangazi kifupi"
"2026-02-15","Morogoro","Morogoro Urban","Morogoro","89","-6.82","37.67","cereals and tubers","Rice","52","100 KG","Wholesale","TZS","272500","kiangazi kifupi"
"2026-02-15","Morogoro","Morogoro Urban","Morogoro","89","-6.82","37.67","pulses and nuts","Beans","50","100 KG","Wholesale","TZS","233333","kiangazi kifupi"
"2026-03-15","Morogoro","Morogoro Urban","Morogoro","89","-6.82","37.67","cereals and tubers","Rice","52","100 KG","Wholesale","TZS","296154","masika"
"2026-03-15","Morogoro","Morogoro Urban","Morogoro","89","-6.82","37.67","pulses and nuts","Beans","50","100 KG","Wholesale","TZS","221923","masika"
"2026-04-15","Morogoro","Morogoro Urban","Morogoro","89","-6.82","37.67","cereals and tubers","Rice","52","100 KG","Wholesale","TZS","265000","masika"
"2026-04-15","Morogoro","Morogoro Urban","Morogoro","89","-6.82","37.67","pulses and nuts","Beans","50","100 KG","Wholesale","TZS","225000","masika"
"2026-05-15","Morogoro","Morogoro Urban","Morogoro","89","-6.82","37.67","cereals and tubers","Rice","52","100 KG","Wholesale","TZS","259000","masika"
"2026-05-15","Morogoro","Morogoro Urban","Morogoro","89","-6.82","37.67","pulses and nuts","Beans","50","100 KG","Wholesale","TZS","225000","masika"
